GLADIATOR PRODUCTS DOTTED SHIRT SLIMFIT,https://www.amazon.in/gp/slredirect/picassoRedirect.html/ref=pa_sp_atf_aps_sr_pg1_1?ie=UTF8&adId=A05458272IM4YSL0C3AEN&url=https%3A%2F%2Fwww.amazon.in%2FGLADIATOR-PRODUCTS-DOTTED-SHIRT-SLIMFIT%2Fdp%2FB07BCFQ28L%2Fref%3Dsr_1_1_sspa%2F262-5096304-9906262%3Fie%3DUTF8%26qid%3D1552765172%26sr%3D8-1-spons%26keywords%3Dmens%2Bshirt%26psc%3D1&qualifier=1552765171&id=924581482676750&widgetName=sp_atf,499.00,https://images-na.ssl-images-amazon.com/images/I/7150NPjlUyL._UX385_.jpg,0.jpg,men,shirts
LAMSTER Men Printed Casual Black Shirt,https://www.amazon.in/gp/slredirect/picassoRedirect.html/ref=pa_sp_atf_aps_sr_pg1_2?ie=UTF8&adId=A07471743J5EJCZEAKUBB&url=https%3A%2F%2Fwww.amazon.in%2FLAMSTER-Printed-Casual-Black-X-Large%2Fdp%2FB07KTZ3XJD%2Fref%3Dsr_1_2_sspa%2F262-5096304-9906262%3Fie%3DUTF8%26qid%3D1552765172%26sr%3D8-2-spons%26keywords%3Dmens%2Bshirt%26psc%3D1&qualifier=1552765171&id=924581482676750&widgetName=sp_atf,599.00,https://images-na.ssl-images-amazon.com/images/I/813yJdfm0FL._UX385_.jpg,1.jpg,men,shirts
ShopyBucket Super Soft & Durable Smart Slim Fit is Very Ideal for Your Formal and Smart-Casual/Partyware Shirts with Comfortable Everyday Pure Cotton-Solid Fit (Pack of 1),https://www.amazon.in/gp/slredirect/picassoRedirect.html/ref=pa_sp_atf_aps_sr_pg1_3?ie=UTF8&adId=A00911031LUTS2O6FN4FM&url=https%3A%2F%2Fwww.amazon.in%2FShopyBucket-Mens-Cotton-Solid-Shirt%2Fdp%2FB07G6LGBDX%2Fref%3Dsr_1_3_sspa%2F262-5096304-9906262%3Fie%3DUTF8%26qid%3D1552765172%26sr%3D8-3-spons%26keywords%3Dmens%2Bshirt%26psc%3D1&qualifier=1552765171&id=924581482676750&widgetName=sp_atf,688.00,https://images-na.ssl-images-amazon.com/images/I/71GMTxAId1L._UY550_.jpg,2.jpg,men,shirts
Dennis Lingo Men's Cotton Casual Shirt,https://www.amazon.in/Dennis-Lingo-Plain-Casual-C301_Black_Medium/dp/B0713QPGCF/ref=ice_ac_b_dpb/262-5096304-9906262?ie=UTF8&qid=1552765172&sr=8-4&keywords=mens+shirt,449.00,https://images-na.ssl-images-amazon.com/images/I/81hCw2dOEXL._UX385_.jpg,3.jpg,men,shirts
Dennis Lingo Men's Cotton Checkered Casual Shirt,https://www.amazon.in/Dennis-Lingo-Checkered-Casual-AZ403_Mustard_M_Mustard_M/dp/B079WTLMG4/ref=sr_1_7/262-5096304-9906262?ie=UTF8&qid=1552765172&sr=8-7&keywords=mens+shirt,519.00,https://images-na.ssl-images-amazon.com/images/I/913NgWBturL._UX342_.jpg,6.jpg,men,shirts
IndoPrimo Men's Cotton Casual Shirt for Men Full Sleeves Black,https://www.amazon.in/IndoPrimo-Cotton-Casual-Shirt-Sleeves/dp/B07H1JTS76/ref=sr_1_8/262-5096304-9906262?ie=UTF8&qid=1552765172&sr=8-8&keywords=mens+shirt,699.00,https://images-na.ssl-images-amazon.com/images/I/419XDCkIn7L.jpg,7.jpg,men,shirts
IndoPrimo Men's Cotton Casual Shirt for Men Full Sleeves,https://www.amazon.in/IndoPrimo-Cotton-Casual-Sleeves-X-Large/dp/B07H1F4CGB/ref=sr_1_9/262-5096304-9906262?ie=UTF8&qid=1552765172&sr=8-9&keywords=mens+shirt,699.00,https://images-na.ssl-images-amazon.com/images/I/61-TuCrKZ7L._UY550_.jpg,8.jpg,men,shirts
IndoPrimo Men's Cotton Casual Shirt for Men Full Sleeves,https://www.amazon.in/IndoPrimo-Cotton-Casual-Sleeves-Medium/dp/B07H1H3YL8/ref=sr_1_10/262-5096304-9906262?ie=UTF8&qid=1552765172&sr=8-10&keywords=mens+shirt,690.00,https://images-na.ssl-images-amazon.com/images/I/61NcwkwaxKL._UX385_.jpg,9.jpg,men,shirts
Dennis Lingo Men's Solid Chinese Collar Tblue Casual Shirt,https://www.amazon.in/Dennis-Lingo-Plain-Casual-CC201_Tblue_Medium/dp/B01N6ODMDG/ref=sr_1_11/262-5096304-9906262?ie=UTF8&qid=1552765172&sr=8-11&keywords=mens+shirt,549.00,https://images-na.ssl-images-amazon.com/images/I/51l65zOSceL._UX385_.jpg,10.jpg,men,shirts
Campus Sutra Men's Cotton Casual Shirt,https://www.amazon.in/Campus-Sutra-Checkered-Regular-AZ17SHRT_BGCHK1_M_PLN_DNBU_AZ_Denim/dp/B07145FXKJ/ref=sr_1_12/262-5096304-9906262?ie=UTF8&qid=1552765172&sr=8-12&keywords=mens+shirt,559.00,https://images-na.ssl-images-amazon.com/images/I/71mC2NkbERL._UX342_.jpg,11.jpg,men,shirts
Campus Sutra Men's Checkered Casual Shirts,https://www.amazon.in/Campus-Sutra-Checkered-Regular-AZZ18SHRT_PNCHK7_M_PLN_BLMA_AZ_L/dp/B07CZCGDCK/ref=sr_1_13/262-5096304-9906262?ie=UTF8&qid=1552765172&sr=8-13&keywords=mens+shirt,674.00,https://images-na.ssl-images-amazon.com/images/I/410FdyEd4ZL._UX342_.jpg,12.jpg,men,shirts
GRITSTONES Men's Cotton Half Sleeve Shirt,https://www.amazon.in/Gritstones-Mens-Cotton-Shirt-Medium/dp/B0776VJJ72/ref=sr_1_14/262-5096304-9906262?ie=UTF8&qid=1552765172&sr=8-14&keywords=mens+shirt,389.00,https://images-na.ssl-images-amazon.com/images/I/816EkGDqCLL._UY445_.jpg,13.jpg,men,shirts
LionRoar Men's Polka Print Full Sleeves Formal Shirt White,https://www.amazon.in/LionRoar-Polka-Print-Sleeves-Formal/dp/B07MY63425/ref=sr_1_15/262-5096304-9906262?ie=UTF8&qid=1552765172&sr=8-15&keywords=mens+shirt,694.00,https://images-na.ssl-images-amazon.com/images/I/81COo7EjjcL._UX342_.jpg,14.jpg,men,shirts
FINIVO FASHION Men's Cotton Casual Shirt,https://www.amazon.in/FINIVO-FASHION-Cotton-Casual-Shirt/dp/B073WXHCSB/ref=sr_1_16/262-5096304-9906262?ie=UTF8&qid=1552765172&sr=8-16&keywords=mens+shirt,641.00,https://images-na.ssl-images-amazon.com/images/I/614qzftQRPL._UX342_.jpg,15.jpg,men,shirts
Dennis Lingo Men's Plain Slim Fit Casual Shirt Black,https://www.amazon.in/Dennis-Lingo-Plain-Casual-C201_Black_XX-Large/dp/B0158FK4Y8/ref=sr_1_17/262-5096304-9906262?ie=UTF8&qid=1552765172&sr=8-17&keywords=mens+shirt,549.00,https://images-na.ssl-images-amazon.com/images/I/61jl1UQt5lL._UX385_.jpg,16.jpg,men,shirts
EYEBOGLER Men's Cotton T-Shirt (Pack Of 1) (Un1Wm),https://www.amazon.in/Seven-Rocks-T-Shirt-M-Cun-Wm_Wine-Melange_Medium/dp/B073FKXQ9H/ref=sr_1_18/262-5096304-9906262?ie=UTF8&qid=1552765172&sr=8-18&keywords=mens+shirt,370.00,https://images-na.ssl-images-amazon.com/images/I/41UmZXq3SRL._UY445_.jpg,17.jpg,men,t-shirts & polos
Maniac Men's Cotton T-Shirt (Mens-Ss18-Rn-Fs-Checked-Tshirt),https://www.amazon.in/Maniac-Checked-Fullsleeve-Cotton-T-Shirt/dp/B07M794P2J/ref=sr_1_19/262-5096304-9906262?ie=UTF8&qid=1552765172&sr=8-19&keywords=mens+shirt,469.00,https://images-na.ssl-images-amazon.com/images/I/813L7QR9ZFL._UY445_.jpg,18.jpg,men,t-shirts & polos
Dennis Lingo Men's Denim Light Blue Solid Casual Shirt,https://www.amazon.in/Dennis-Lingo-Casual-C503_LIGHTBLUE_XXL_Light-Blue_XXL/dp/B0751F5VFG/ref=sr_1_20/262-5096304-9906262?ie=UTF8&qid=1552765172&sr=8-20&keywords=mens+shirt,749.00,https://images-na.ssl-images-amazon.com/images/I/91klXLfJL-L._UX342_.jpg,19.jpg,men,shirts
Dennis Lingo Men's Checkered Maroon Slim Fit Casual Shirt,https://www.amazon.in/Dennis-Lingo-Checkered-Casual-C413_Maroon_L_Maroon_L/dp/B07D9VT7S7/ref=sr_1_21/262-5096304-9906262?ie=UTF8&qid=1552765172&sr=8-21&keywords=mens+shirt,649.00,https://images-na.ssl-images-amazon.com/images/I/61YlzrvvckL._UX385_.jpg,20.jpg,men,shirts
Dennis Lingo Men's Checkered Khaki Slim Fit Casual Shirt,https://www.amazon.in/Dennis-Lingo-Checkered-Casual-C417_Khaki_M_Khaki_M/dp/B07D9V2VSM/ref=sr_1_22/262-5096304-9906262?ie=UTF8&qid=1552765172&sr=8-22&keywords=mens+shirt,649.00,https://images-na.ssl-images-amazon.com/images/I/71x67yDoZ9L._UX385_.jpg,21.jpg,men,shirts
Arihant Men's Plain Cotton Linen Full Sleeves Regular Fit Formal Shirt,https://www.amazon.in/Arihant-Cotton-Sleeves-Regular-AR791105_Orange_42/dp/B07N6DLTB6/ref=sr_1_23/262-5096304-9906262?ie=UTF8&qid=1552765172&sr=8-23&keywords=mens+shirt,699.00,https://images-na.ssl-images-amazon.com/images/I/81qVVXkKS3L._UY550_.jpg,22.jpg,men,shirts
Dennis Lingo Men's Checkered Grey Slim Fit Casual Shirt,https://www.amazon.in/Dennis-Lingo-Checkered-Casual-C412_Grey_M_Grey_M/dp/B07D9W1VX7/ref=sr_1_24/262-5096304-9906262?ie=UTF8&qid=1552765172&sr=8-24&keywords=mens+shirt,699.00,https://images-na.ssl-images-amazon.com/images/I/61yvR%2BSIfFL._UX522_.jpg,23.jpg,men,shirts
Dennis Lingo Men's Solid Chinese Collar Yellow Casual Shirt,https://www.amazon.in/Dennis-Lingo-Solid-Casual-CC201_Lemon_S_Lemon_S/dp/B07DQG75NG/ref=sr_1_25/262-5096304-9906262?ie=UTF8&qid=1552765172&sr=8-25&keywords=mens+shirt,549.00,https://images-na.ssl-images-amazon.com/images/I/51RutgZVzQL._UX385_.jpg,24.jpg,men,shirts
Seven Rocks Regular Fit Men's Cotton T-Shirt (T16),https://www.amazon.in/Seven-Rocks-Cotton-T-Shirt-Blue_Large/dp/B07B8PCNYM/ref=sr_1_26/262-5096304-9906262?ie=UTF8&qid=1552765172&sr=8-26&keywords=mens+shirt,549.00,https://images-na.ssl-images-amazon.com/images/I/6107z2wLOfL._UY445_.jpg,25.jpg,men,t-shirts & polos
Dennis Lingo Men's Cotton Casual Full Sleeves Slim fit White Shirt,https://www.amazon.in/Dennis-Lingo-Plain-Casual-C201_White_Medium/dp/B0158FL3J8/ref=sr_1_27/262-5096304-9906262?ie=UTF8&qid=1552765172&sr=8-27&keywords=mens+shirt,549.00,https://images-na.ssl-images-amazon.com/images/I/61DoWOiF68L._UX385_.jpg,26.jpg,men,shirts
"Urbano Fashion Men's Black, Grey, Yellow Round Neck Full Sleeve T-Shirt",https://www.amazon.in/Urbano-Fashion-Striped-T-Shirt-Cns-RND-blayel-m/dp/B06XN6BY5V/ref=sr_1_28/262-5096304-9906262?ie=UTF8&qid=1552765172&sr=8-28&keywords=mens+shirt,379.00,https://images-na.ssl-images-amazon.com/images/I/515naKq8IqL._UX342_.jpg,27.jpg,men,t-shirts & polos
LionRoar Men's Printed Slim Fit Full Sleeve Formal Shirt,https://www.amazon.in/LionRoar-Printed-Cotton-Sleeve-Formal/dp/B07G147162/ref=sr_1_29/262-5096304-9906262?ie=UTF8&qid=1552765172&sr=8-29&keywords=mens+shirt,599.00,https://images-na.ssl-images-amazon.com/images/I/517vghcqLYL._UX342_.jpg,28.jpg,men,shirts
THE EG STORE Stylish Designer Round Neck Half Sleeve Cotton T Shirt for Mens,https://www.amazon.in/Store-Cotton-Sleeve-T-Shirt-Yellow_X-Large/dp/B07NDY9Z69/ref=sr_1_30/262-5096304-9906262?ie=UTF8&qid=1552765172&sr=8-30&keywords=mens+shirt,338.00,https://images-na.ssl-images-amazon.com/images/I/711wBfSyTuL._UY445_.jpg,29.jpg,men,t-shirts & polos
Dennis Lingo Men's Solid Chinese Collar Green Casual Shirt,https://www.amazon.in/Dennis-Lingo-Plain-Casual-CC201_Green_X-Large/dp/B01NAQDZ3P/ref=sr_1_31/262-5096304-9906262?ie=UTF8&qid=1552765172&sr=8-31&keywords=mens+shirt,549.00,https://images-na.ssl-images-amazon.com/images/I/61bRiZqT0eL._UX385_.jpg,30.jpg,men,shirts
AMERICAN CREW Men's Cotton Blend Polo TShirt,https://www.amazon.in/AMERICAN-CREW-Sleeve-T-Shirt-Applique/dp/B07N82DDQK/ref=sr_1_32/262-5096304-9906262?ie=UTF8&qid=1552765172&sr=8-32&keywords=mens+shirt,549.00,https://images-na.ssl-images-amazon.com/images/I/61iDngARPAL._UX342_.jpg,31.jpg,men,t-shirts & polos
Dennis Lingo Men's Cotton Navyblue Solid Casual Shirt,https://www.amazon.in/Dennis-Lingo-Casual-C301_Navy-Blue_Medium/dp/B072P13ZM7/ref=sr_1_33/262-5096304-9906262?ie=UTF8&qid=1552765172&sr=8-33&keywords=mens+shirt,549.00,https://images-na.ssl-images-amazon.com/images/I/71-8r9FtglL._UX385_.jpg,32.jpg,men,shirts
Amazon Brand - Symbol Men's Formal Fil a Fil Regular Fit Shirt,https://www.amazon.in/Amazon-Brand-Symbol-Regular-AW17MFS18_42_Turquoise/dp/B073ZKJ2SV/ref=sr_1_35/262-5096304-9906262?ie=UTF8&qid=1552765172&sr=8-35&keywords=mens+shirt,519.00,https://images-na.ssl-images-amazon.com/images/I/A1RabrjWq8L._UY445_.jpg,34.jpg,men,shirts
Diverse Men's Solid Slim Fit Cotton Formal Shirt,https://www.amazon.in/Diverse-Solid-Cotton-Formal-DVF06F2L01-8-42_White/dp/B0756G31Z3/ref=sr_1_36/262-5096304-9906262?ie=UTF8&qid=1552765172&sr=8-36&keywords=mens+shirt,449.00,https://images-na.ssl-images-amazon.com/images/I/81ei40ZEe6L._UX342_.jpg,35.jpg,men,shirts
Campus Sutra Men's Cotton Full Sleeve T-Shirt,https://www.amazon.in/Campus-Sutra-Regular-T-Shirt-SS16PRM_RNFSTRI_M_PLN_CHGRBL_Charcoal/dp/B01DQVFYO6/ref=sr_1_37/262-5096304-9906262?ie=UTF8&qid=1552765172&sr=8-37&keywords=mens+shirt,379.00,https://images-na.ssl-images-amazon.com/images/I/71F7wkUAgJL._UY445_.jpg,36.jpg,men,t-shirts & polos
Red Tape Men's Checkered Regular Fit Casual Shirt,https://www.amazon.in/Red-Tape-Checkered-Regular-RFS0064_Brown/dp/B07JXLMH5G/ref=sr_1_38/262-5096304-9906262?ie=UTF8&qid=1552765172&sr=8-38&keywords=mens+shirt,689.00,https://images-na.ssl-images-amazon.com/images/I/81POru2XPXL._UY550_.jpg,37.jpg,men,shirts
Arihant Men's Cotton Linen Formal Shirt,https://www.amazon.in/Arihant-Mens-Formal-Shirt-AR73981442/dp/B075R5QV4J/ref=sr_1_39/262-5096304-9906262?ie=UTF8&qid=1552765172&sr=8-39&keywords=mens+shirt,699.00,https://images-na.ssl-images-amazon.com/images/I/A1uX9j9SEjL._UY445_.jpg,38.jpg,men,shirts
Van Heusen Sport Men's Solid Slim fit Formal Shirt,https://www.amazon.in/Van-Heusen-Sport-VHSFBSLPT19532_Dark-Purple_42/dp/B07K3FKCFN/ref=sr_1_40/262-5096304-9906262?ie=UTF8&qid=1552765172&sr=8-40&keywords=mens+shirt,749.00,https://images-na.ssl-images-amazon.com/images/I/91dv08gTBGL._UY550_.jpg,39.jpg,men,shirts
AELO Men's Cotton T Shirt-(Amt1020-Pn),https://www.amazon.in/AELO-Cotton-Shirt-Amt1020-Pn-Olive/dp/B07HJ7PWGZ/ref=sr_1_41/262-5096304-9906262?ie=UTF8&qid=1552765172&sr=8-41&keywords=mens+shirt,474.00,https://images-na.ssl-images-amazon.com/images/I/71%2B9gwUldZL._UY445_.jpg,40.jpg,men,t-shirts & polos
EYEBOGLER Regular Fit Men's Cotton T-Shirt,https://www.amazon.in/EYEBOGLER-Regular-XXXL-T4-TMBL-Melange-Black-XXX-Large/dp/B07P411Z1M/ref=sr_1_42/262-5096304-9906262?ie=UTF8&qid=1552765172&sr=8-42&keywords=mens+shirt,449.00,https://images-na.ssl-images-amazon.com/images/I/61o40elY%2B6L._UY445_.jpg,41.jpg,men,t-shirts & polos
U-TURN Men's Mandarin with Loop Shirt,https://www.amazon.in/U-TURN-Cotton-Mandarin-Shirt-White/dp/B07GDM7827/ref=sr_1_43/262-5096304-9906262?ie=UTF8&qid=1552765172&sr=8-43&keywords=mens+shirt,476.00,https://images-na.ssl-images-amazon.com/images/I/71F%2BBq7FIvL._UY445_.jpg,42.jpg,men,shirts
Global Rang Men's Cotton Casual Shirt,https://www.amazon.in/Global-Rang-Cotton-Casual-Beige_38/dp/B075T96S34/ref=sr_1_44/262-5096304-9906262?ie=UTF8&qid=1552765172&sr=8-44&keywords=mens+shirt,549.00,https://images-na.ssl-images-amazon.com/images/I/71pm0oHmPXL._UX342_.jpg,43.jpg,men,shirts
IndoPrimo Men's Cotton Casual Shirt for Men Full Sleeves Black,https://www.amazon.in/IndoPrimo-Cotton-Casual-Shirt-Sleeves/dp/B07H1HFLFK/ref=sr_1_45/262-5096304-9906262?ie=UTF8&qid=1552765172&sr=8-45&keywords=mens+shirt,699.00,https://images-na.ssl-images-amazon.com/images/I/61EenU0OhBL._UX385_.jpg,44.jpg,men,shirts
Dennis Lingo Men's Checkered Teal Blue Slim Fit Casual Shirt,https://www.amazon.in/Dennis-Lingo-Checkered-C413_TEALBLUE_XXL_Teal-Blue_XXL/dp/B07D9VBWV1/ref=sr_1_46/262-5096304-9906262?ie=UTF8&qid=1552765172&sr=8-46&keywords=mens+shirt,649.00,https://images-na.ssl-images-amazon.com/images/I/61TWOMB7d7L._UX522_.jpg,45.jpg,men,shirts
GRITSTONES Men's Full Sleeves Shirt,https://www.amazon.in/GRITSTONES-Regular-Casual-GSFSSHRT1462BLKMRN_Black-Maroon_Large/dp/B06Y28VR3C/ref=sr_1_47/262-5096304-9906262?ie=UTF8&qid=1552765172&sr=8-47&keywords=mens+shirt,419.00,https://images-na.ssl-images-amazon.com/images/I/81zIx%2BpUYAL._UY445_.jpg,46.jpg,men,shirts
Amazon Brand - Symbol Men's Formal Shirt,https://www.amazon.in/Amazon-Brand-Regular-SS18-SMFS-212_Lt-Lilac_48/dp/B07DDPH6G1/ref=sr_1_48/262-5096304-9906262?ie=UTF8&qid=1552765172&sr=8-48&keywords=mens+shirt,799.00,https://images-na.ssl-images-amazon.com/images/I/91fgfYopC%2BL._UX385_.jpg,47.jpg,men,shirts
Charles Dino Mens 100% Cotton Slim FIT Blue Pink (FIL A FIL) Formal WEAR Shirt,https://www.amazon.in/gp/slredirect/picassoRedirect.html/ref=pa_sp_atf_next_aps_sr_pg2_1?ie=UTF8&adId=A02655031SHOCNWLN4G55&url=https%3A%2F%2Fwww.amazon.in%2FCharles-Dino-Cotton-Formal-Shirt%2Fdp%2FB07FML2ZXG%2Fref%3Dsr_1_49_sspa%3Fie%3DUTF8%26qid%3D1552765533%26sr%3D8-49-spons%26keywords%3Dmens%2Bshirt%26psc%3D1&qualifier=1552765533&id=4794358090035385&widgetName=sp_atf_next,"1,899.00",https://images-na.ssl-images-amazon.com/images/I/71cZ%2B9VKExL._UY445_.jpg,48.jpg,men,shirts
Charles Dino 100% Giza Cotton Grey Dobby Shirt for Men Regular FIT for Formal Casual WEAR,https://www.amazon.in/gp/slredirect/picassoRedirect.html/ref=pa_sp_atf_next_aps_sr_pg2_2?ie=UTF8&adId=A05938861T72HG6B65QX1&url=https%3A%2F%2Fwww.amazon.in%2FCharles-Dino-Cotton-Regular-Formal%2Fdp%2FB07JPYQ3FW%2Fref%3Dsr_1_50_sspa%3Fie%3DUTF8%26qid%3D1552765533%26sr%3D8-50-spons%26keywords%3Dmens%2Bshirt%26psc%3D1&qualifier=1552765533&id=4794358090035385&widgetName=sp_atf_next,"1,699.00",https://images-na.ssl-images-amazon.com/images/I/81tvuBfRV9L._UY445_.jpg,49.jpg,men,shirts
Mens Brown Beige Checkered Shirt for Casual Formal WEAR 100% Giza Cotton Regualr FIT,https://www.amazon.in/gp/slredirect/picassoRedirect.html/ref=pa_sp_atf_next_aps_sr_pg2_3?ie=UTF8&adId=A05936983NIMT5AUUSF74&url=https%3A%2F%2Fwww.amazon.in%2FCheckered-Casual-Formal-Cotton-Regualr%2Fdp%2FB07JJQW9CK%2Fref%3Dsr_1_51_sspa%3Fie%3DUTF8%26qid%3D1552765533%26sr%3D8-51-spons%26keywords%3Dmens%2Bshirt%26psc%3D1&qualifier=1552765533&id=4794358090035385&widgetName=sp_atf_next,"2,199.00",https://images-na.ssl-images-amazon.com/images/I/81LK5WNpWYL._UY445_.jpg,50.jpg,men,shirts
Arihant Men's Printed 100% Cotton Half Sleeves Regular Fit Formal Shirt,https://www.amazon.in/Arihant-Printed-Sleeves-Regular-AR791601_Grey_42/dp/B07N683V43/ref=sr_1_52?ie=UTF8&qid=1552765533&sr=8-52&keywords=mens+shirt,699.00,https://images-na.ssl-images-amazon.com/images/I/81486xRbxoL._UY445_.jpg,51.jpg,men,shirts
Dennis Lingo Men's Denim Light Blue Solid Casual Shirt,https://www.amazon.in/Dennis-Lingo-Casual-AZ502_DARKBLUE_S_Dark-Blue_S/dp/B0787S1HTD/ref=sr_1_53?ie=UTF8&qid=1552765533&sr=8-53&keywords=mens+shirt,749.00,https://images-na.ssl-images-amazon.com/images/I/61Z4RuwOZeL._UX385_.jpg,52.jpg,men,shirts
Van Heusen Sport Men's Paisley Slim fit Formal Shirt,https://www.amazon.in/Van-Heusen-Sport-Paisley-VHSFCSLP483519_Black/dp/B07K4G74GR/ref=sr_1_54?ie=UTF8&qid=1552765533&sr=8-54&keywords=mens+shirt,949.00,https://images-na.ssl-images-amazon.com/images/I/A1jmTx4H5iL._UY550_.jpg,53.jpg,men,shirts
Black Collection Men's Cotton T-Shirt (Bcsa0002),https://www.amazon.in/Black-Collection-Plain-T-Shirt-BCSA0002_White_L/dp/B01EJWF81U/ref=sr_1_55?ie=UTF8&qid=1552765533&sr=8-55&keywords=mens+shirt,489.00,https://images-na.ssl-images-amazon.com/images/I/61-ERov8rFL._UX342_.jpg,54.jpg,men,t-shirts & polos
Pearl Ocean Men's Satin Shirt (Sandy Brown),https://www.amazon.in/PEARL-OCEAN-Casual-KHPS-K8J7-MN_Sandy-Brown_42/dp/B075GWHMX3/ref=sr_1_56?ie=UTF8&qid=1552765533&sr=8-56&keywords=mens+shirt,572.00,https://images-na.ssl-images-amazon.com/images/I/610RnlV%2BQqL._UX522_.jpg,55.jpg,men,shirts
EYEBOGLER Regular Fit Men's Cotton T-Shirt,https://www.amazon.in/Seven-Rocks-Buttoned-T-Shirt-Melange/dp/B075KPGG41/ref=sr_1_57?ie=UTF8&qid=1552765533&sr=8-57&keywords=mens+shirt,368.00,https://images-na.ssl-images-amazon.com/images/I/51YWAgms3YL._UX342_.jpg,56.jpg,men,t-shirts & polos
Zombom Men Casual Shirt,https://www.amazon.in/Zombom-Sleeve-Cotton-Casual-Shirt/dp/B078V94BZS/ref=sr_1_58?ie=UTF8&qid=1552765533&sr=8-58&keywords=mens+shirt,790.00,https://images-na.ssl-images-amazon.com/images/I/51nHeQPbMTL._UX385_.jpg,57.jpg,men,shirts
Ruggers by Unlimited Men's Casual Shirts,https://www.amazon.in/Ruggers-Unlimited-Casual-Shirts-8907542490257_400016393309_Medium_White/dp/B073PZKPC3/ref=sr_1_59?ie=UTF8&qid=1552765533&sr=8-59&keywords=mens+shirt,400.00,https://images-na.ssl-images-amazon.com/images/I/81I7LNGWX3L._UX342_.jpg,58.jpg,men,shirts
Diverse Men's Formal Shirt,https://www.amazon.in/Diverse-Mens-Formal-Shirt-8903905009081_DVF05F2L01-44_42_Red/dp/B074CB1CMQ/ref=sr_1_60?ie=UTF8&qid=1552765533&sr=8-60&keywords=mens+shirt,494.00,https://images-na.ssl-images-amazon.com/images/I/81MkBPHHh4L._UX342_.jpg,59.jpg,men,shirts
Harry Potter Men's T-Shirt,https://www.amazon.in/Harry-Potter-Mens-T-Shirt-8903346651689_HP1EMT2921_Large_Black/dp/B01NCS9UM9/ref=sr_1_61?ie=UTF8&qid=1552765533&sr=8-61&keywords=mens+shirt,350.00,https://images-na.ssl-images-amazon.com/images/I/81hxMpKyz5L._UX342_.jpg,60.jpg,entertainment collectibles,apparel
"ACCOX Half Sleeve Regular Fit Check Print Formal Shirt for Man,Formal Shirts,100% Cotton Shirts,Plain Shirts Cotton,Formal Shirts for Men Office wear Or Daily wear.Cotton Formal Shirts",https://www.amazon.in/ACCOX-Sleeve-Regular-Formal-wear-Cotton/dp/B07NGH73M1/ref=sr_1_62?ie=UTF8&qid=1552765533&sr=8-62&keywords=mens+shirt,599.00,https://images-na.ssl-images-amazon.com/images/I/71nPGVAEYtL._UX385_.jpg,61.jpg,men,shirts
John Players Men's Solid Slim Fit Formal Shirt,https://www.amazon.in/John-Players-Formal-JFMWSHS180094003_Sheer-Lilac_40/dp/B07FSJZWVV/ref=sr_1_63?ie=UTF8&qid=1552765533&sr=8-63&keywords=mens+shirt,400.00,https://images-na.ssl-images-amazon.com/images/I/81Hr9g0%2BZPL._UX342_.jpg,62.jpg,men,shirts
Dennis Lingo Men's Solid Chinese Collar Blue Casual Shirt,https://www.amazon.in/Dennis-Lingo-Solid-Casual-CC201_P-Blue_L_P-Blue_L/dp/B07D9V9QDY/ref=sr_1_64?ie=UTF8&qid=1552765533&sr=8-64&keywords=mens+shirt,549.00,https://images-na.ssl-images-amazon.com/images/I/71%2BFI7zEzXL._UX385_.jpg,63.jpg,men,shirts
ACCOX Pure Cotton Half Sleeves Regular fit checkred Print Formal Shirt for Mens,https://www.amazon.in/ACCOX-Cotton-Sleeves-Regular-checkred/dp/B07NCYKG6W/ref=sr_1_65?ie=UTF8&qid=1552765533&sr=8-65&keywords=mens+shirt,599.00,https://images-na.ssl-images-amazon.com/images/I/71a0sJ1j8DL._UX385_.jpg,64.jpg,men,shirts
Jockey Men's Cotton T-Shirt,https://www.amazon.in/Jockey-2714-0105-NAVY-Navy-T-Shirt-2714-0105-NAVY_Navy_L/dp/B012STEI26/ref=sr_1_66?ie=UTF8&qid=1552765533&sr=8-66&keywords=mens+shirt,315.00,https://images-na.ssl-images-amazon.com/images/I/716hLXKrrAL._UX342_.jpg,65.jpg,men,t-shirts & polos
Arrow Sports Men's Checkered Regular Fit Casual Shirt,https://www.amazon.in/Arrow-Sports-Checkered-ASWSH1316_Black-Brown_40/dp/B07F5SWV6Y/ref=sr_1_67?ie=UTF8&qid=1552765533&sr=8-67&keywords=mens+shirt,899.00,https://images-na.ssl-images-amazon.com/images/I/81G6YhuwN9L._UX342_.jpg,66.jpg,men,shirts
Van Heusen Men's Solid Slim Fit Formal Shirt,https://www.amazon.in/Van-Heusen-Solid-Formal-VHSFBSLPC76524_Grey_42/dp/B07H717KMW/ref=sr_1_68?ie=UTF8&qid=1552765533&sr=8-68&keywords=mens+shirt,824.00,https://images-na.ssl-images-amazon.com/images/I/81tXPFZbiDL._UY550_.jpg,67.jpg,men,shirts
Diverse Men's Checkered Regular Fit Cotton Formal Shirt,https://www.amazon.in/Diverse-Checkered-Regular-Cotton-DVF07F1L01-209_Red_40/dp/B07567WX2X/ref=sr_1_69?ie=UTF8&qid=1552765533&sr=8-69&keywords=mens+shirt,384.00,https://images-na.ssl-images-amazon.com/images/I/916wfcknhQL._UX342_.jpg,68.jpg,men,shirts
Van Heusen Sport Men's Checkered Slim fit Formal Shirt,https://www.amazon.in/Van-Heusen-Sport-Checkered-VHSFBSLPW13637_Blue/dp/B07K3FKCGL/ref=sr_1_70?ie=UTF8&qid=1552765533&sr=8-70&keywords=mens+shirt,749.00,https://images-na.ssl-images-amazon.com/images/I/91T8TpYlXRL._UY550_.jpg,69.jpg,men,shirts
Red Tape Men's Checkered Regular Fit Casual Shirt,https://www.amazon.in/Red-Tape-Checkered-Regular-RHS0022_Wood_Large/dp/B07KX8H956/ref=sr_1_71?ie=UTF8&qid=1552765533&sr=8-71&keywords=mens+shirt,629.00,https://images-na.ssl-images-amazon.com/images/I/71X78JMLigL._UX385_.jpg,70.jpg,men,shirts
Amazon Brand - Symbol Men's Formal Shirt,https://www.amazon.in/Amazon-Brand-Regular-SS18-SMFS-213_Beige-Green_40/dp/B07DDMPK34/ref=sr_1_72?ie=UTF8&qid=1552765533&sr=8-72&keywords=mens+shirt,799.00,https://images-na.ssl-images-amazon.com/images/I/A18hfmhIuWL._UX342_.jpg,71.jpg,men,shirts
Men in Black Men's Regular Fit Unstitched Shirt and Pant Fabric Combo for Men (Shirt 2.4m and Pant 1.3m) Metallic,https://www.amazon.in/Men-Black-Regular-Unstitched-Fabric/dp/B00YXEP17G/ref=sr_1_73?ie=UTF8&qid=1552765533&sr=8-73&keywords=mens+shirt,899.00,https://images-na.ssl-images-amazon.com/images/I/81VwdBxwm5L._UX522_.jpg,72.jpg,men,unstitched fabric
Van Heusen Men's Striped Slim Fit Formal Shirt,https://www.amazon.in/Van-Heusen-Striped-VHSFBSLP840840_Green-White_39/dp/B07H6W1WZL/ref=sr_1_74?ie=UTF8&qid=1552765533&sr=8-74&keywords=mens+shirt,824.00,https://images-na.ssl-images-amazon.com/images/I/81UY-AwzBQL._UX342_.jpg,73.jpg,men,shirts
EYEBOGLER Regular Fit Men's Cotton T-Shirt,https://www.amazon.in/Seven-Rocks-Regular-NM_Navy-Melange_Medium/dp/B01MU9ZLPM/ref=sr_1_75?ie=UTF8&qid=1552765533&sr=8-75&keywords=mens+shirt,319.00,https://images-na.ssl-images-amazon.com/images/I/515f6YiP62L._UY445_.jpg,74.jpg,men,t-shirts & polos
Alan Jones Clothing Men's Cotton T-Shirt (Stc-Peace-P),https://www.amazon.in/Alan-Jones-Clothing-T-Shirt-STC-Peace-M_Medium_Grey/dp/B01G1K4EMC/ref=sr_1_76?ie=UTF8&qid=1552765533&sr=8-76&keywords=mens+shirt,399.00,https://images-na.ssl-images-amazon.com/images/I/91pnP8dhCUL._UY445_.jpg,75.jpg,men,t-shirts & polos
Park Avenue Men's Checkered Slim Fit Formal Shirt,https://www.amazon.in/Park-Avenue-Checkered-Formal-PMSX10869-B5_40_Medium/dp/B07FK3RXSR/ref=sr_1_77?ie=UTF8&qid=1552765533&sr=8-77&keywords=mens+shirt,759.00,https://images-na.ssl-images-amazon.com/images/I/91-YlsEQFgL._UX342_.jpg,76.jpg,men,shirts
Dennis Lingo Men's Checkered Red Slim Fit Casual Shirt,https://www.amazon.in/Dennis-Lingo-Checkered-Casual-C415_RED_M_Red_M/dp/B07D9V252N/ref=sr_1_78?ie=UTF8&qid=1552765533&sr=8-78&keywords=mens+shirt,649.00,https://images-na.ssl-images-amazon.com/images/I/61dHcb7fbsL._UX522_.jpg,77.jpg,men,shirts
Amazon Brand - Symbol Men's Formal Dobby Regular Fit Shirt,https://www.amazon.in/Amazon-Brand-Symbol-Regular-SYMDOBBY151_Navy_44/dp/B01J7EROS0/ref=sr_1_79?ie=UTF8&qid=1552765533&sr=8-79&keywords=mens+shirt,494.00,https://images-na.ssl-images-amazon.com/images/I/A1xXDpa5bhL._UY445_.jpg,78.jpg,men,shirts
Van Heusen Men's Solid Slim Fit Formal Shirt,https://www.amazon.in/Van-Heusen-Solid-Formal-VHSFBSLPF74761_Blue_39/dp/B07H74S3ZZ/ref=sr_1_80?ie=UTF8&qid=1552765533&sr=8-80&keywords=mens+shirt,824.00,https://images-na.ssl-images-amazon.com/images/I/71J0zUgvkWL._UY550_.jpg,79.jpg,men,shirts
Demokrazy Men's Holi T-Shirt(Happy Holi),https://www.amazon.in/Demokrazy-Mens-T-Shirt-Happy-White/dp/B07P8VY3C3/ref=sr_1_81?ie=UTF8&qid=1552765533&sr=8-81&keywords=mens+shirt,240.00,https://images-na.ssl-images-amazon.com/images/I/71Ol5FpoFBL._UY445_.jpg,80.jpg,men,t-shirts & polos
John Players Men's Solid Slim Fit Formal Shirt,https://www.amazon.in/John-Players-Formal-JFMWSHINS7035002_Jet-Black_39/dp/B07GDLBKVR/ref=sr_1_82?ie=UTF8&qid=1552765533&sr=8-82&keywords=mens+shirt,719.00,https://images-na.ssl-images-amazon.com/images/I/71ZNcC5SpxL._UX342_.jpg,81.jpg,men,shirts
Katso Men's Cotton Hooded Stripe T-Shirt,https://www.amazon.in/Katso-Cotton-Hooded-Stripe-T-Shirt/dp/B079L6896S/ref=sr_1_83?ie=UTF8&qid=1552765533&sr=8-83&keywords=mens+shirt,306.00,https://images-na.ssl-images-amazon.com/images/I/4105waYwujL._UX342_.jpg,82.jpg,men,t-shirts & polos
ACCOX Half Sleeves Formal Regular Fit Cotton Check Shirt for Men,https://www.amazon.in/ACCOX-Cotton-Sleeves-Regular-Multicolour/dp/B07FS5WPDW/ref=sr_1_84?ie=UTF8&qid=1552765533&sr=8-84&keywords=mens+shirt,599.00,https://images-na.ssl-images-amazon.com/images/I/71ppxF7TSLL._UX385_.jpg,83.jpg,men,shirts
Shaun Men's Cotton Full Sleeve Hooded T-Shirt Grey,https://www.amazon.in/Shaun-Cotton-Sleeve-Hooded-T-Shirt/dp/B07P82CJHY/ref=sr_1_85?ie=UTF8&qid=1552765533&sr=8-85&keywords=mens+shirt,201.00,https://images-na.ssl-images-amazon.com/images/I/81PNEMvNPRL._UY445_.jpg,84.jpg,men,t-shirts & polos
United Colors of Benetton Men's Solid Regular Fit Polo,https://www.amazon.in/United-Colors-Benetton-Regular-18A3DTPJ3033I_25P_L_Potent/dp/B07DLGSSVL/ref=sr_1_86?ie=UTF8&qid=1552765533&sr=8-86&keywords=mens+shirt,539.00,https://images-na.ssl-images-amazon.com/images/I/91pvWkeP%2B-L._UX342_.jpg,85.jpg,men,t-shirts & polos
Dennis Lingo Men's Denim Dark Blue Solid Casual Shirt,https://www.amazon.in/Dennis-Lingo-Casual-C501_Dark-Blue_Medium/dp/B06XQLX6PL/ref=sr_1_87?ie=UTF8&qid=1552765533&sr=8-87&keywords=mens+shirt,749.00,https://images-na.ssl-images-amazon.com/images/I/61SFIoAx%2BGL._UX522_.jpg,86.jpg,men,shirts
BEING FAB Men's Solid 100% Cotton Regular Fit Casual Royal Blue Shirt,https://www.amazon.in/Being-fab-Solid-Cotton-Shirt/dp/B01IH4PK28/ref=sr_1_88?ie=UTF8&qid=1552765533&sr=8-88&keywords=mens+shirt,359.00,https://images-na.ssl-images-amazon.com/images/I/71-x0qqr2-L._UX385_.jpg,87.jpg,men,shirts
S.N. Men's Cotton Casual Long Sleeves Slim Fit Shirt,https://www.amazon.in/S-N-Mens-Cotton-Shirt-White_38/dp/B076CM1DNZ/ref=sr_1_89?ie=UTF8&qid=1552765533&sr=8-89&keywords=mens+shirt,750.00,https://images-na.ssl-images-amazon.com/images/I/61tQ6CsOxqL._UX342_.jpg,88.jpg,men,shirts
Diverse Men's Printed Regular fit Casual Shirt,https://www.amazon.in/Diverse-Printed-Regular-Casual-DCMCF11RC10L03-294A_Olive_Medium/dp/B07LGD81GY/ref=sr_1_90?ie=UTF8&qid=1552765533&sr=8-90&keywords=mens+shirt,439.00,https://images-na.ssl-images-amazon.com/images/I/919eZkyrhqL._UX342_.jpg,89.jpg,men,shirts
Park Avenue Men's Plain Slim Fit Formal Shirt,https://www.amazon.in/Park-Avenue-Plain-Formal-PMSX11334-G5_40_Medium/dp/B07CMBS598/ref=sr_1_91?ie=UTF8&qid=1552765533&sr=8-91&keywords=mens+shirt,749.00,https://images-na.ssl-images-amazon.com/images/I/91cU2R66JoL._UX342_.jpg,90.jpg,men,shirts
Dennis Lingo Men's Denim Medium Blue Solid Casual Shirt,https://www.amazon.in/Dennis-Lingo-Casual-C501_MediumBlue_XL_Medium-Blue_XL/dp/B06XQNWGPW/ref=sr_1_93?ie=UTF8&qid=1552765533&sr=8-93&keywords=mens+shirt,749.00,https://images-na.ssl-images-amazon.com/images/I/81G5PSDIy7L._UX385_.jpg,92.jpg,men,shirts
Peppyzone Men's Solid Casual Full Sleeves Polycotton Shirt,https://www.amazon.in/Lion-PeppyZone-Casual-Sleeves-Polycotton/dp/B07GLXDNPY/ref=sr_1_94?ie=UTF8&qid=1552765533&sr=8-94&keywords=mens+shirt,549.00,https://images-na.ssl-images-amazon.com/images/I/611qbdNLCnL._UY445_.jpg,93.jpg,men,shirts
Allen Solly Men's Plain Slim Fit Casual Shirt,https://www.amazon.in/Allen-Solly-Plain-Casual-ASSFWMOF929179_Green_42/dp/B07DMXXVXT/ref=sr_1_95?ie=UTF8&qid=1552765533&sr=8-95&keywords=mens+shirt,839.00,https://images-na.ssl-images-amazon.com/images/I/81-KQKLZvQL._UX342_.jpg,94.jpg,men,shirts
Dennis Lingo Men's Solid Slim Fit Casual Shirt (CC201_Dustypink_M_Dustypink_M),https://www.amazon.in/Dennis-Lingo-Solid-Casual-CC201_Dustypink_M_Dustypink_M/dp/B07HK6NT81/ref=sr_1_96?ie=UTF8&qid=1552765533&sr=8-96&keywords=mens+shirt,549.00,https://images-na.ssl-images-amazon.com/images/I/61YQd1wdQBL._UY445_.jpg,95.jpg,men,shirts
Amazon Brand - Symbol Men's Checkered Regular Fit Formal Shirt,https://www.amazon.in/Amazon-Brand-Checkered-Regular-SS18-SMFS-101_Lilac_40/dp/B078K3P8WP/ref=sr_1_97?ie=UTF8&qid=1552765909&sr=8-97&keywords=mens+shirt,299.00,https://images-na.ssl-images-amazon.com/images/I/81dkeUfbw7L._UX342_.jpg,96.jpg,men,shirts
Katso Men's Cotton Round Neck T-shirt,https://www.amazon.in/Katso-Mens-Cotton-Sleeve-Darkgrey/dp/B01LVXMWNU/ref=sr_1_124?ie=UTF8&qid=1552765909&sr=8-124&keywords=mens+shirt,291.00,https://images-na.ssl-images-amazon.com/images/I/81hkgMtGbrL._UY445_.jpg,123.jpg,men,t-shirts & polos
Black Collection Men's Cotton T-Shirt (Bcsa0002_Full),https://www.amazon.in/Black-Collection-Plain-T-Shirt-BCSA0002_Red_Full_M/dp/B01M3QQOAX/ref=sr_1_132?ie=UTF8&qid=1552765909&sr=8-132&keywords=mens+shirt,533.00,https://images-na.ssl-images-amazon.com/images/I/71e63P%2BjenL._UX342_.jpg,131.jpg,men,t-shirts & polos
BEING FAB Men's Solid 100% Cotton Regular Fit Casual Navy Blue Shirt,https://www.amazon.in/Being-fab-Cotton-Regular-Casual/dp/B01IH4W4JU/ref=sr_1_135?ie=UTF8&qid=1552765909&sr=8-135&keywords=mens+shirt,350.00,https://images-na.ssl-images-amazon.com/images/I/71q4q3FDFPL._UX385_.jpg,134.jpg,men,shirts
Charles Dino 100% Giza Cotton Olympic Blue Oxford Checkered Shirt for Men Regular FIT for Formal WEAR,https://www.amazon.in/gp/slredirect/picassoRedirect.html/ref=pa_sp_atf_next_aps_sr_pg4_1?ie=UTF8&adId=A05935422N8SYO4J6TRRA&url=https%3A%2F%2Fwww.amazon.in%2FCharles-Dino-Olympic-Checkered-Regular%2Fdp%2FB07JQXP7J4%2Fref%3Dsr_1_145_sspa%3Fie%3DUTF8%26qid%3D1552766074%26sr%3D8-145-spons%26keywords%3Dmens%2Bshirt%26psc%3D1&qualifier=1552766074&id=8705459788932790&widgetName=sp_atf_next,"1,699.00",https://images-na.ssl-images-amazon.com/images/I/81ExDe0fxYL._UY445_.jpg,144.jpg,men,shirts
Charles Dino Mens 100% Cotton Slim FIT Brown Green (FIL A FIL) Formal WEAR Shirt,https://www.amazon.in/gp/slredirect/picassoRedirect.html/ref=pa_sp_atf_next_aps_sr_pg4_2?ie=UTF8&adId=A0265415R3G36L9Q5XMF&url=https%3A%2F%2Fwww.amazon.in%2FCharles-Dino-Cotton-Brown-Formal%2Fdp%2FB07FLRJGN4%2Fref%3Dsr_1_146_sspa%3Fie%3DUTF8%26qid%3D1552766074%26sr%3D8-146-spons%26keywords%3Dmens%2Bshirt%26psc%3D1&qualifier=1552766074&id=8705459788932790&widgetName=sp_atf_next,"1,899.00",https://images-na.ssl-images-amazon.com/images/I/71EB0UGhw3L._UY445_.jpg,145.jpg,men,shirts
"LAMSTER Men Checkered Denim Light Blue, Dark Blue Shirt",https://www.amazon.in/gp/slredirect/picassoRedirect.html/ref=pa_sp_atf_next_aps_sr_pg4_3?ie=UTF8&adId=A07478542YQJQCEQCYLVB&url=https%3A%2F%2Fwww.amazon.in%2FLAMSTER-Checkered-Denim-Light-Medium%2Fdp%2FB07KVBG7R9%2Fref%3Dsr_1_147_sspa%3Fie%3DUTF8%26qid%3D1552766074%26sr%3D8-147-spons%26keywords%3Dmens%2Bshirt%26psc%3D1&qualifier=1552766074&id=8705459788932790&widgetName=sp_atf_next,849.00,https://images-na.ssl-images-amazon.com/images/I/81cGBfvK7iL._UX522_.jpg,146.jpg,men,shirts
THE EG STORE Men's Poly Cotton Gym Fit T-Shirt,https://www.amazon.in/EG-White-Designer-T-Shirt-X-Large/dp/B07P8J85BX/ref=sr_1_148?ie=UTF8&qid=1552766074&sr=8-148&keywords=mens+shirt,310.00,https://images-na.ssl-images-amazon.com/images/I/71XsFboK83L._UX385_.jpg,147.jpg,men,sportswear
LionRoar Men's Cotton Stylish Polo Neck Half Sleeve T-Shirt,https://www.amazon.in/LionRoars-Stylish-Shirt-Collar-Black/dp/B07BXFGSZW/ref=sr_1_151?ie=UTF8&qid=1552766074&sr=8-151&keywords=mens+shirt,580.00,https://images-na.ssl-images-amazon.com/images/I/7120zAbeTZL._UX342_.jpg,150.jpg,men,t-shirts & polos
Allen Solly Men's Plain Slim Fit Casual Shirt,https://www.amazon.in/Allen-Solly-Plain-Casual-ASSFWMOF780560_Black_44/dp/B07DMXFKB9/ref=sr_1_168?ie=UTF8&qid=1552766074&sr=8-168&keywords=mens+shirt,839.00,https://images-na.ssl-images-amazon.com/images/I/81sgKjLTsxL._UY550_.jpg,167.jpg,men,shirts
Amazon Brand - Symbol Men's Checkered Regular Fit Formal Shirt,https://www.amazon.in/Amazon-Brand-Checkered-Regular-SS18-SMFS-104_Lilac_40/dp/B078JZ91RX/ref=sr_1_180?ie=UTF8&qid=1552766074&sr=8-180&keywords=mens+shirt,278.00,https://images-na.ssl-images-amazon.com/images/I/91f0nwLIISL._UX342_.jpg,179.jpg,men,shirts
Amazon Brand - Inkast Denim Co. Men's Casual Shirt,https://www.amazon.in/Amazon-Brand-Inkast-S-02C_Medium-Grey_Large/dp/B07GTGJT74/ref=sr_1_181?ie=UTF8&qid=1552766074&sr=8-181&keywords=mens+shirt,759.00,https://images-na.ssl-images-amazon.com/images/I/81Uaa6osdJL._UY550_.jpg,180.jpg,men,shirts
EYEBOGLER Regular Fit Men's Cotton T-Shirt (T50) Navy Blue-Orange,https://www.amazon.in/EYEBOGLER-Regular-T-Shirt-XL-T50-NBOR-Blue-Orange/dp/B07NV61S7Y/ref=sr_1_182?ie=UTF8&qid=1552766074&sr=8-182&keywords=mens+shirt,499.00,https://images-na.ssl-images-amazon.com/images/I/51vxcdAoEaL._UX385_.jpg,181.jpg,men,t-shirts & polos
GLADIATOR PRODUCTS DOTTED SHIRT SLIMFIT,https://www.amazon.in/gp/slredirect/picassoRedirect.html/ref=pa_sp_atf_next_aps_sr_pg5_1?ie=UTF8&adId=A05467512Y1T9LP9MQSIC&url=https%3A%2F%2Fwww.amazon.in%2FGLADIATOR-PRODUCTS-DOTTED-SHIRT-SLIMFIT%2Fdp%2FB07BCDP31M%2Fref%3Dsr_1_193_sspa%3Fie%3DUTF8%26qid%3D1552766256%26sr%3D8-193-spons%26keywords%3Dmens%2Bshirt%26psc%3D1&qualifier=1552766256&id=8212357144175962&widgetName=sp_atf_next,499.00,https://images-na.ssl-images-amazon.com/images/I/7150NPjlUyL._UX385_.jpg,192.jpg,men,shirts
Charles Dino Mens 100% Cotton Slim FIT Green Blue (FIL A FIL) Formal WEAR Shirt,https://www.amazon.in/gp/slredirect/picassoRedirect.html/ref=pa_sp_atf_next_aps_sr_pg5_2?ie=UTF8&adId=A026525919D8SPZE6FNNY&url=https%3A%2F%2Fwww.amazon.in%2FCharles-Dino-Cotton-Green-Formal%2Fdp%2FB07FLNG9TL%2Fref%3Dsr_1_194_sspa%3Fie%3DUTF8%26qid%3D1552766256%26sr%3D8-194-spons%26keywords%3Dmens%2Bshirt%26psc%3D1&qualifier=1552766256&id=8212357144175962&widgetName=sp_atf_next,"1,899.00",https://images-na.ssl-images-amazon.com/images/I/81hniJpaWDL._UY445_.jpg,193.jpg,men,shirts
GLADIATOR PRODUCTS DOTTED SHIRT SLIMFIT,https://www.amazon.in/gp/slredirect/picassoRedirect.html/ref=pa_sp_atf_next_aps_sr_pg5_3?ie=UTF8&adId=A05470872Q4N0DRNZ1EFU&url=https%3A%2F%2Fwww.amazon.in%2FGLADIATOR-PRODUCTS-DOTTED-SHIRT-SLIMFIT%2Fdp%2FB079Z52W6S%2Fref%3Dsr_1_195_sspa%3Fie%3DUTF8%26qid%3D1552766256%26sr%3D8-195-spons%26keywords%3Dmens%2Bshirt%26psc%3D1&qualifier=1552766256&id=8212357144175962&widgetName=sp_atf_next,549.00,https://images-na.ssl-images-amazon.com/images/I/715--eARn-L._UX385_.jpg,194.jpg,men,shirts
Zotory Mens Casual Full Sleeve Cotton Checkered Shirts White&Red Color (135),https://www.amazon.in/Zotory-Casual-Sleeve-Cotton-Checkered/dp/B07BMX3D34/ref=sr_1_211?ie=UTF8&qid=1552766256&sr=8-211&keywords=mens+shirt,639.00,https://images-na.ssl-images-amazon.com/images/I/515k1EIZbdL._UY445_.jpg,210.jpg,men,shirts
Amazon Brand - Symbol Men's Checkered Regular Fit Formal Shirt,https://www.amazon.in/Amazon-Brand-Checkered-Regular-SS18-SMFS-0108_Blue_40/dp/B078KCZ2M7/ref=sr_1_214?ie=UTF8&qid=1552766256&sr=8-214&keywords=mens+shirt,454.00,https://images-na.ssl-images-amazon.com/images/I/91RD7e7VA5L._UX342_.jpg,213.jpg,men,shirts
Diverse Men's Solid Regular Fit Formal Shirt,https://www.amazon.in/Diverse-Regular-Formal-DCMFH02RC17KA2-739A_Sky-Blue_44/dp/B07H79XCYM/ref=sr_1_233?ie=UTF8&qid=1552766256&sr=8-233&keywords=mens+shirt,449.00,https://images-na.ssl-images-amazon.com/images/I/A1MgGsyU2VL._UY445_.jpg,232.jpg,men,shirts
Veirdo Men's Cotton Tshirt,https://www.amazon.in/Veirdo-Cotton-Tshirt-X-Large-Multi/dp/B07NL1V19D/ref=sr_1_237?ie=UTF8&qid=1552766256&sr=8-237&keywords=mens+shirt,299.00,https://images-na.ssl-images-amazon.com/images/I/71EmTr1wj2L._UY445_.jpg,236.jpg,men,t-shirts & polos
GLADIATOR PRODUCTS DOTTED SHIRT SLIMFIT,https://www.amazon.in/gp/slredirect/picassoRedirect.html/ref=pa_sp_atf_next_aps_sr_pg6_1?ie=UTF8&adId=A05449353P2VOIPZYISZK&url=https%3A%2F%2Fwww.amazon.in%2FGLADIATOR-PRODUCTS-DOTTED-SHIRT-SLIMFIT%2Fdp%2FB07BCF2GQZ%2Fref%3Dsr_1_241_sspa%3Fie%3DUTF8%26qid%3D1552766434%26sr%3D8-241-spons%26keywords%3Dmens%2Bshirt%26psc%3D1&qualifier=1552766434&id=4696657377127127&widgetName=sp_atf_next,499.00,https://images-na.ssl-images-amazon.com/images/I/510iL1oEYeL._UX342_.jpg,240.jpg,men,shirts
Charles Dino 100% Giza Cotton Mens Slim FIT Teal Checkered Shirt for Formal Casaul WEAR,https://www.amazon.in/gp/slredirect/picassoRedirect.html/ref=pa_sp_atf_next_aps_sr_pg6_2?ie=UTF8&adId=A0593150UKMOZ9EXZQPZ&url=https%3A%2F%2Fwww.amazon.in%2FCharles-Dino-Cotton-Checkered-Formal%2Fdp%2FB07JYKVKH3%2Fref%3Dsr_1_242_sspa%3Fie%3DUTF8%26qid%3D1552766434%26sr%3D8-242-spons%26keywords%3Dmens%2Bshirt%26psc%3D1&qualifier=1552766434&id=4696657377127127&widgetName=sp_atf_next,"1,850.00",https://images-na.ssl-images-amazon.com/images/I/9182WajDVwL._UY445_.jpg,241.jpg,men,shirts
ShopyBucket Super Soft & Durable Smart Slim Fit is Very Ideal for Your Formal and Smart-Casual/Partyware Shirts with Comfortable Everyday Pure Cotton-Solid Fit (Pack of 1),https://www.amazon.in/gp/slredirect/picassoRedirect.html/ref=pa_sp_atf_next_aps_sr_pg6_3?ie=UTF8&adId=A00912593FLEGFYRD0K49&url=https%3A%2F%2Fwww.amazon.in%2FShopyBucket-Durable-Formal-Smart-Party%2Fdp%2FB07G6LK732%2Fref%3Dsr_1_243_sspa%3Fie%3DUTF8%26qid%3D1552766434%26sr%3D8-243-spons%26keywords%3Dmens%2Bshirt%26psc%3D1&qualifier=1552766434&id=4696657377127127&widgetName=sp_atf_next,689.00,https://images-na.ssl-images-amazon.com/images/I/61c5Cl6qkyL._UX522_.jpg,242.jpg,men,shirts
Peter England Men's Solid Slim fit Casual Shirt,https://www.amazon.in/Peter-England-Solid-Casual-PCSFCSSBX15294_Maroon_40/dp/B07M8LQGX7/ref=sr_1_258?ie=UTF8&qid=1552766434&sr=8-258&keywords=mens+shirt,"1,199.00",https://images-na.ssl-images-amazon.com/images/I/71re6FGtXoL._UX342_.jpg,257.jpg,men,shirts
GLADIATOR PRODUCTS DOTTED SHIRT SLIMFIT,https://www.amazon.in/gp/slredirect/picassoRedirect.html/ref=pa_sp_atf_next_aps_sr_pg7_1?ie=UTF8&adId=A0545615MT2BPB8Q5PY7&url=https%3A%2F%2Fwww.amazon.in%2FGLADIATOR-PRODUCTS-DOTTED-SHIRT-SLIMFIT%2Fdp%2FB07BC732V5%2Fref%3Dsr_1_289_sspa%3Fie%3DUTF8%26qid%3D1552766600%26sr%3D8-289-spons%26keywords%3Dmens%2Bshirt%26psc%3D1&qualifier=1552766600&id=7701056214619804&widgetName=sp_atf_next,499.00,https://images-na.ssl-images-amazon.com/images/I/715--eARn-L._UX385_.jpg,288.jpg,men,shirts
Charles Dino Mens 100% Giza Cotton Regular White & Brown Checkered Shirt for Formal Casual WEAR for Men,https://www.amazon.in/gp/slredirect/picassoRedirect.html/ref=pa_sp_atf_next_aps_sr_pg7_2?ie=UTF8&adId=A05933623LGVK6LXACNYB&url=https%3A%2F%2Fwww.amazon.in%2FCharles-Dino-Cotton-Regular-Checkered%2Fdp%2FB07JBCJFQK%2Fref%3Dsr_1_290_sspa%3Fie%3DUTF8%26qid%3D1552766600%26sr%3D8-290-spons%26keywords%3Dmens%2Bshirt%26psc%3D1&qualifier=1552766600&id=7701056214619804&widgetName=sp_atf_next,"2,199.00",https://images-na.ssl-images-amazon.com/images/I/81wdRzVj2DL._UY445_.jpg,289.jpg,men,shirts
Louis Philippe Men's Slim Fit Formal Shirt,https://www.amazon.in/gp/slredirect/picassoRedirect.html/ref=pa_sp_atf_next_aps_sr_pg7_3?ie=UTF8&adId=A06731541YNBV33KZ7QU1&url=https%3A%2F%2Fwww.amazon.in%2FLouis-Philippe-Formal-Shirt-8907689392834_LPSF517L00185_Blue_42%2Fdp%2FB0743M8G3G%2Fref%3Dsr_1_291_sspa%3Fie%3DUTF8%26qid%3D1552766600%26sr%3D8-291-spons%26keywords%3Dmens%2Bshirt%26psc%3D1&qualifier=1552766600&id=7701056214619804&widgetName=sp_atf_next,"1,439.00",https://images-na.ssl-images-amazon.com/images/I/91pVk77gLhL._UX342_.jpg,290.jpg,men,shirts
Diverse Men's Formal Shirt,https://www.amazon.in/Diverse-Solid-Regular-Formal-DVF05F2L01-36_42_Light/dp/B074CB1CLR/ref=sr_1_293?ie=UTF8&qid=1552766600&sr=8-293&keywords=mens+shirt,404.00,https://images-na.ssl-images-amazon.com/images/I/719uikT%2B5lL._UX342_.jpg,292.jpg,men,shirts
Kalt Men's Dual Colour Full Sleeves Round Neck Cotton Blend -Shirt,https://www.amazon.in/Kalt-Cotton-Sleeves-Melange-X-Large/dp/B07HHTXWH6,349.00,https://images-na.ssl-images-amazon.com/images/I/61p9XKiYeLL._UY445_.jpg,243.jpg,men,shirts
Excalibur by Unlimited Men's Plain Regular Fit Formal Shirt (Pack of 2),https://www.amazon.in/Excalibur-Unlimited-Regular-Formal-275858348_ASSORTED_42_LS/dp/B07DXY58SC,600.00,https://images-na.ssl-images-amazon.com/images/I/A1ufJ5LW5-L._UX342_.jpg,250.jpg,men,shirts
Urbano Fashion Men's Solid Cotton Polo Shirt with Mandarin Collar,https://www.amazon.in/Urbano-Fashion-Maroon-Mandarin-Poloshirt-mar-m-FBA/dp/B07K1S74FF,589.00,https://images-na.ssl-images-amazon.com/images/I/51l4lRuH6cL._UY445_.jpg,251.jpg,men,shirts
S.N. Men's Cotton Casual Long Sleeves Slim Fit Shirt,https://www.amazon.in/S-N-White-Cotton-Casual-Sn0050_40/dp/B076CN252T,750.00,https://images-na.ssl-images-amazon.com/images/I/61tQ6CsOxqL._UX342_.jpg,254.jpg,men,shirts
US Polo Men's Printed Regular Fit Casual Shirt,https://www.amazon.in/US-Polo-Printed-Regular-USSH5632_White_L/dp/B07DWQ8F6G/ref=sr_1_255/262-4931827-0884716?s=apparel&ie=UTF8&qid=1552771179&sr=1-255,"1,049.00",https://images-na.ssl-images-amazon.com/images/I/812JuIGjhPL._UX342_.jpg,254.jpg,men,shirts
Arrow Sports Men's Printed Slim Fit Casual Shirt,https://www.amazon.in/Arrow-Sports-Printed-Casual-ASWSH1375_Blue_44/dp/B07F5PCWM9/ref=sr_1_256/262-4931827-0884716?s=apparel&ie=UTF8&qid=1552771179&sr=1-256,809.00,https://images-na.ssl-images-amazon.com/images/I/91Symz0HwXL._UY550_.jpg,255.jpg,men,shirts
Peter England Men's Solid Slim Fit Casual Shirt,https://www.amazon.in/Peter-England-Solid-Casual-ESF318006963_LightgreyWithWhite_38/dp/B07C61MCL5/ref=sr_1_257/262-4931827-0884716?s=apparel&ie=UTF8&qid=1552771179&sr=1-257,749.00,https://images-na.ssl-images-amazon.com/images/I/81K4gy9d5TL._UX342_.jpg,256.jpg,men,shirts
Van Heusen Men's Solid Slim Fit Formal Shirt,https://www.amazon.in/Van-Heusen-Solid-Formal-VHSFBSLPR27291_Maroon_39/dp/B07H75RJ72/ref=sr_1_258/262-4931827-0884716?s=apparel&ie=UTF8&qid=1552771179&sr=1-258,824.00,https://images-na.ssl-images-amazon.com/images/I/81wV2eDF5-L._UX342_.jpg,257.jpg,men,shirts
Excalibur by Unlimited Men's Plain Regular Fit Formal Shirt (Pack of 2),https://www.amazon.in/Excalibur-Unlimited-Regular-Formal-275858348_ASSORTED_42_LS/dp/B07DXY58SC/ref=sr_1_259/262-4931827-0884716?s=apparel&ie=UTF8&qid=1552771179&sr=1-259,600.00,https://images-na.ssl-images-amazon.com/images/I/A1ufJ5LW5-L._UX342_.jpg,258.jpg,men,shirts
Urbano Fashion Men's Solid Cotton Polo Shirt with Mandarin Collar,https://www.amazon.in/Urbano-Fashion-Maroon-Mandarin-Poloshirt-mar-m-FBA/dp/B07K1S74FF/ref=sr_1_260/262-4931827-0884716?s=apparel&ie=UTF8&qid=1552771179&sr=1-260,589.00,https://images-na.ssl-images-amazon.com/images/I/51l4lRuH6cL._UY445_.jpg,259.jpg,men,shirts
Van Heusen Men's Printed Slim Fit Formal Shirt,https://www.amazon.in/Van-Heusen-Printed-Formal-VHSF517M008649_Blue_39/dp/B07D3HLJYX/ref=sr_1_261/262-4931827-0884716?s=apparel&ie=UTF8&qid=1552771179&sr=1-261,930.00,https://images-na.ssl-images-amazon.com/images/I/91ZMcoUpurL._UX342_.jpg,260.jpg,men,shirts
Peter England Men's Formal Shirt,https://www.amazon.in/Peter-England-Formal-Shirt-8907495197586_PSF1041600981_42_WhiteSolid/dp/B01LYCMGA6/ref=sr_1_262/262-4931827-0884716?s=apparel&ie=UTF8&qid=1552771179&sr=1-262,899.00,https://images-na.ssl-images-amazon.com/images/I/814Yk3N4ENL._UY445_.jpg,261.jpg,men,shirts
Asian & Fitch Men Casual Slim Fit Cotton Checkered Brown Shirt,https://www.amazon.in/Asian-Fitch-Casual-Cotton-Checkered/dp/B07MCHM9J7/ref=sr_1_263/262-4931827-0884716?s=apparel&ie=UTF8&qid=1552771179&sr=1-263,399.00,https://images-na.ssl-images-amazon.com/images/I/81FpI2-ERaL._UY445_.jpg,262.jpg,men,shirts
Amazon Brand - House & Shields Men's Checkered Casual Shirt,https://www.amazon.in/Amazon-Brand-Checkered-AW18-HSSH-02_JS-2795_Blue_Large/dp/B07GYM4JKZ/ref=sr_1_264/262-4931827-0884716?s=apparel&ie=UTF8&qid=1552771179&sr=1-264,734.00,https://images-na.ssl-images-amazon.com/images/I/9101tc2O37L._UX342_.jpg,263.jpg,men,shirts
Dennis Lingo Men's Solid Casual Shirt Grey,https://www.amazon.in/Dennis-Lingo-Solid-Casual-C301_Grey_M_Grey_M/dp/B07BJKQGP6/ref=sr_1_265/262-4931827-0884716?s=apparel&ie=UTF8&qid=1552771179&sr=1-265,549.00,https://images-na.ssl-images-amazon.com/images/I/51iAjvVnXVL._UX385_.jpg,264.jpg,men,shirts
Excalibur by Unlimited Men's Plain Regular Fit Formal Shirt (Pack of 2),https://www.amazon.in/Excalibur-Unlimited-Regular-Formal-276731998_ASSORTED_42_LS/dp/B07DXYB61F/ref=sr_1_266/262-4931827-0884716?s=apparel&ie=UTF8&qid=1552771179&sr=1-266,600.00,https://images-na.ssl-images-amazon.com/images/I/A1-q8jILT6L._UY445_.jpg,265.jpg,men,shirts
Levi's Men's Checkered Slim Fit Casual Shirt,https://www.amazon.in/Levis-Checkered-Casual-Shirt-32874-0099_Blue_M/dp/B07DPKFBFM/ref=sr_1_267/262-4931827-0884716?s=apparel&ie=UTF8&qid=1552771179&sr=1-267,"1,201.00",https://images-na.ssl-images-amazon.com/images/I/91V-K%2Bw2-0L._UX342_.jpg,266.jpg,men,shirts
Dennis Lingo Men's Denim Dark Blue Solid Casual Shirt,https://www.amazon.in/Dennis-Lingo-Casual-C501_Dark-Blue_Medium/dp/B06XQLX6PL/ref=sr_1_269/262-4931827-0884716?s=apparel&ie=UTF8&qid=1552771179&sr=1-269,749.00,https://images-na.ssl-images-amazon.com/images/I/61SFIoAx%2BGL._UX522_.jpg,268.jpg,men,shirts
Global Rang Men's Cotton Indigo Casual Blue Checkered Shirt,https://www.amazon.in/Global-Rang-Cotton-Checkered-Shirt-L/dp/B01FDDECHU/ref=sr_1_270/262-4931827-0884716?s=apparel&ie=UTF8&qid=1552771179&sr=1-270,649.00,https://images-na.ssl-images-amazon.com/images/I/815UzplikaL._UY445_.jpg,269.jpg,men,shirts
John Players Men's Solid Slim Fit Formal Shirt,https://www.amazon.in/John-Players-Formal-JFMWSHS180083003_True-Navy_40/dp/B07FSN443H/ref=sr_1_271/262-4931827-0884716?s=apparel&ie=UTF8&qid=1552771179&sr=1-271,400.00,https://images-na.ssl-images-amazon.com/images/I/81kmMQ47lJL._UX342_.jpg,270.jpg,men,shirts
Van Heusen Sport Men's Paisley Slim fit Formal Shirt,https://www.amazon.in/Van-Heusen-Sport-Paisley-VHSFCSLP483519_Black/dp/B07K3H8N8H/ref=sr_1_272/262-4931827-0884716?s=apparel&ie=UTF8&qid=1552771179&sr=1-272,949.00,https://images-na.ssl-images-amazon.com/images/I/A1jmTx4H5iL._UY445_.jpg,271.jpg,men,shirts
Pan America Men's Cotton Formal Shirt (PA490-SO),https://www.amazon.in/Pan-America-Regular-Formal-PA495MARO042_Wine_42/dp/B01HEMPR0O/ref=sr_1_273/262-4931827-0884716?s=apparel&ie=UTF8&qid=1552771179&sr=1-273,450.00,https://images-na.ssl-images-amazon.com/images/I/71ds-M3DiYL._UY445_.jpg,272.jpg,men,shirts
Dennis Lingo Men's Solid Chinese Collar Shirt,https://www.amazon.in/Dennis-Lingo-Solid-Casual-CC201_Grey_M_Grey_M/dp/B07B4GS21T/ref=sr_1_274/262-4931827-0884716?s=apparel&ie=UTF8&qid=1552771179&sr=1-274,549.00,https://images-na.ssl-images-amazon.com/images/I/81SVPtDfO7L._UX342_.jpg,273.jpg,men,shirts
Arrow Sports Men's Solid Slim Fit Casual Shirt,https://www.amazon.in/Arrow-Sports-Solid-Casual-ASWSH1417_Blue_42/dp/B07F5NHYC5/ref=sr_1_275/262-4931827-0884716?s=apparel&ie=UTF8&qid=1552771179&sr=1-275,"1,079.00",https://images-na.ssl-images-amazon.com/images/I/71J8PczWNmL._UY550_.jpg,274.jpg,men,shirts
TOM T White Polka Print Shirt for Men,https://www.amazon.in/TOM-White-Polka-Print-Medium/dp/B07BBJDJ7R/ref=sr_1_276/262-4931827-0884716?s=apparel&ie=UTF8&qid=1552771179&sr=1-276,448.00,https://images-na.ssl-images-amazon.com/images/I/71p%2B9ehLVkL._UX385_.jpg,275.jpg,men,shirts
Dennis Lingo Men's Cotton Sky Blue Solid Casual Shirt,https://www.amazon.in/Dennis-Lingo-Casual-CC201_Sky-Blue_Medium/dp/B0754NVWKT/ref=sr_1_278/262-4931827-0884716?s=apparel&ie=UTF8&qid=1552771179&sr=1-278,529.00,https://images-na.ssl-images-amazon.com/images/I/51imwcPEKcL._UX385_.jpg,277.jpg,men,shirts
CLUB CUBANA Men's Casual Shirt 7109322937001_Blue_Large,https://www.amazon.in/CLUB-CUBANA-Casual-Shirt-7109322937001_Blue_Large/dp/B075XKQP4L/ref=sr_1_279/262-4931827-0884716?s=apparel&ie=UTF8&qid=1552771179&sr=1-279,650.00,https://images-na.ssl-images-amazon.com/images/I/91Hr1hiLMYL._UX425_.jpg,278.jpg,men,shirts
US Polo Men's Striped Regular Fit Casual Shirt,https://www.amazon.in/US-Polo-Striped-Regular-USSH5666_Navy_L/dp/B07DWHF61M/ref=sr_1_280/262-4931827-0884716?s=apparel&ie=UTF8&qid=1552771179&sr=1-280,"1,199.00",https://images-na.ssl-images-amazon.com/images/I/81LyffvrZdL._UX342_.jpg,279.jpg,men,shirts
Amazon Brand - Symbol Men's Checkered Regular Fit Formal Shirt,https://www.amazon.in/Amazon-Brand-Checkered-Regular-SS18-SMFS-089_Black_42/dp/B078KBH9W8/ref=sr_1_281/262-4931827-0884716?s=apparel&ie=UTF8&qid=1552771179&sr=1-281,299.00,https://images-na.ssl-images-amazon.com/images/I/71N9PcUG1IL._UX342_.jpg,280.jpg,men,shirts
Red Tape Men's Checkered Regular Fit Casual Shirt,https://www.amazon.in/Red-Tape-Checkered-Regular-RFS0039_Rust/dp/B07HS29WKR/ref=sr_1_282/262-4931827-0884716?s=apparel&ie=UTF8&qid=1552771179&sr=1-282,510.00,https://images-na.ssl-images-amazon.com/images/I/71cp8omxlOL._UX385_.jpg,281.jpg,men,shirts
ACCOX Full Sleeves Formal Regular Fit Cotton Check Shirt for Men,https://www.amazon.in/ACCOX-Cotton-Sleeves-Formal-Regular/dp/B07KV312CT/ref=sr_1_283/262-4931827-0884716?s=apparel&ie=UTF8&qid=1552771179&sr=1-283,699.00,https://images-na.ssl-images-amazon.com/images/I/61Qr1u1lPfL._UX522_.jpg,282.jpg,men,shirts
Excalibur by Unlimited Men's Plain Regular Fit Formal Shirt,https://www.amazon.in/Excalibur-Unlimited-Regular-Formal-276729142_ASSORTED_40_LS/dp/B07DXY6Q2Q/ref=sr_1_284/262-4931827-0884716?s=apparel&ie=UTF8&qid=1552771179&sr=1-284,360.00,https://images-na.ssl-images-amazon.com/images/I/91lh%2B8ATcwL._UX342_.jpg,283.jpg,men,shirts
Louis Philippe Men's Checkered Slim fit Formal Shirt,https://www.amazon.in/Louis-Philippe-Checkered-Formal-LPSFMSLBJ11553_Pink_40/dp/B07L5L7GV8/ref=sr_1_285/262-4931827-0884716?s=apparel&ie=UTF8&qid=1552771179&sr=1-285,"1,999.00",https://images-na.ssl-images-amazon.com/images/I/91XBA%2B7kscL._UX342_.jpg,284.jpg,men,shirts
Arrow Men's Plain Regular fit Formal Shirt,https://www.amazon.in/Arrow-Plain-Regular-Formal-8907797458323_Blue_40hs/dp/B07L5L22BZ/ref=sr_1_286/262-4931827-0884716?s=apparel&ie=UTF8&qid=1552771179&sr=1-286,"2,199.00",https://images-na.ssl-images-amazon.com/images/I/91U9XoFqWBL._UX342_.jpg,285.jpg,men,shirts
Peter England Men's Printed Regular fit Formal Shirt,https://www.amazon.in/Peter-England-Printed-Regular-PESFMNUFS76456_Medium/dp/B07L567HCQ/ref=sr_1_287/262-4931827-0884716?s=apparel&ie=UTF8&qid=1552771179&sr=1-287,979.00,https://images-na.ssl-images-amazon.com/images/I/91dwYOOzQsL._UX342_.jpg,286.jpg,men,shirts
Van Heusen Men's Plain Slim fit Formal Shirt,https://www.amazon.in/Van-Heusen-Plain-Formal-VHSFBSLPQ59338_White_40/dp/B07MN2MRB2/ref=sr_1_288/262-4931827-0884716?s=apparel&ie=UTF8&qid=1552771179&sr=1-288,"1,999.00",https://images-na.ssl-images-amazon.com/images/I/815nQEcUABL._UX342_.jpg,287.jpg,men,shirts
LAMSTER Men Printed Casual Black Shirt,https://www.amazon.in/gp/slredirect/picassoRedirect.html/ref=pa_sp_atf_browse_apparel_sr_pg7_1?ie=UTF8&adId=A07471743J5EJCZEAKUBB&url=https%3A%2F%2Fwww.amazon.in%2FLAMSTER-Printed-Casual-Black-X-Large%2Fdp%2FB07KTZ3XJD%2Fref%3Dsr_1_289_sspa%3Fs%3Dapparel%26ie%3DUTF8%26qid%3D1552771379%26sr%3D1-289-spons%26psc%3D1&qualifier=1552771378&id=3069424689849025&widgetName=sp_atf_browse,599.00,https://images-na.ssl-images-amazon.com/images/I/813yJdfm0FL._UX385_.jpg,288.jpg,men,shirts
"LAMSTER Men Checkered Denim Light Blue, Dark Blue Shirt",https://www.amazon.in/gp/slredirect/picassoRedirect.html/ref=pa_sp_atf_browse_apparel_sr_pg7_2?ie=UTF8&adId=A07478542YQJQCEQCYLVB&url=https%3A%2F%2Fwww.amazon.in%2FLAMSTER-Checkered-Denim-Light-Medium%2Fdp%2FB07KVBG7R9%2Fref%3Dsr_1_290_sspa%3Fs%3Dapparel%26ie%3DUTF8%26qid%3D1552771379%26sr%3D1-290-spons%26psc%3D1&qualifier=1552771378&id=3069424689849025&widgetName=sp_atf_browse,849.00,https://images-na.ssl-images-amazon.com/images/I/81cGBfvK7iL._UX522_.jpg,289.jpg,men,shirts
Louis Philippe Men's Formal Shirt,https://www.amazon.in/gp/slredirect/picassoRedirect.html/ref=pa_sp_atf_browse_apparel_sr_pg7_3?ie=UTF8&adId=A0537352A9O9M5GHW1NO&url=https%3A%2F%2Fwww.amazon.in%2FLouis-Philippe-Formal-Shirt-8907689491155_LPSF517Y012139_Purple_44%2Fdp%2FB0742LJCWJ%2Fref%3Dsr_1_291_sspa%3Fs%3Dapparel%26ie%3DUTF8%26qid%3D1552771379%26sr%3D1-291-spons%26psc%3D1&qualifier=1552771378&id=3069424689849025&widgetName=sp_atf_browse,"1,289.00",https://images-na.ssl-images-amazon.com/images/I/91IuOFjHSAL._UX342_.jpg,290.jpg,men,shirts
Dennis Lingo Men's Denim Medium Blue Solid Casual Shirt,https://www.amazon.in/Dennis-Lingo-Casual-C501_MediumBlue_XL_Medium-Blue_XL/dp/B06XQNWGPW/ref=sr_1_292?s=apparel&ie=UTF8&qid=1552771379&sr=1-292,749.00,https://images-na.ssl-images-amazon.com/images/I/81G5PSDIy7L._UX385_.jpg,291.jpg,men,shirts
Levi's Men's Checkered Regular Fit Casual Shirt,https://www.amazon.in/Levis-Checkered-Regular-Casual-59624-0005_Green_M/dp/B07FHPJZBZ/ref=sr_1_293?s=apparel&ie=UTF8&qid=1552771379&sr=1-293,"1,539.00",https://images-na.ssl-images-amazon.com/images/I/81XnjQ4njCL._UX342_.jpg,292.jpg,men,shirts
Van Heusen Men's Plain Slim fit Formal Shirt,https://www.amazon.in/Van-Heusen-Plain-Formal-VHSFBSLPV63303_Off-White_40/dp/B07M9C9LMK/ref=sr_1_294?s=apparel&ie=UTF8&qid=1552771379&sr=1-294,"2,199.00",https://images-na.ssl-images-amazon.com/images/I/81r9BfY7-WL._UX342_.jpg,293.jpg,men,shirts
Diverse Men's Printed Slim fit Casual Shirt,https://www.amazon.in/Diverse-Printed-Casual-Shirt-DCMCF07SC10L03-297A_Brown_Large/dp/B018NH7AU4/ref=sr_1_295?s=apparel&ie=UTF8&qid=1552771379&sr=1-295,439.00,https://images-na.ssl-images-amazon.com/images/I/81CBklMuy8L._UX342_.jpg,294.jpg,men,shirts
US Polo Men's Checkered Regular Fit Casual Shirt,https://www.amazon.in/US-Polo-Checkered-Regular-USSH5664_Green_M/dp/B07DWKNXZG/ref=sr_1_296?s=apparel&ie=UTF8&qid=1552771379&sr=1-296,"1,199.00",https://images-na.ssl-images-amazon.com/images/I/91PCPGJKgYL._UX342_.jpg,295.jpg,men,shirts
US Polo Men's Checkered Regular Fit Casual Shirt,https://www.amazon.in/US-Polo-Checkered-Regular-USSH5590_Green_M/dp/B07DWKNP9Y/ref=sr_1_297?s=apparel&ie=UTF8&qid=1552771379&sr=1-297,"1,199.00",https://images-na.ssl-images-amazon.com/images/I/81MuPAOi50L._UY550_.jpg,296.jpg,men,shirts
Peter England Men's Solid Slim Fit Casual Shirt,https://www.amazon.in/Peter-England-Solid-Casual-ESF318007315_LightGreenWithGreen_40/dp/B07C64TVZW/ref=sr_1_298?s=apparel&ie=UTF8&qid=1552771379&sr=1-298,749.00,https://images-na.ssl-images-amazon.com/images/I/81L1HpzJJQL._UY550_.jpg,297.jpg,men,shirts
Allen Solly Men's Plain Slim Fit Casual Shirt,https://www.amazon.in/Allen-Solly-Plain-Casual-ASSFWMOFB12720_Grey_40/dp/B07DMZDRV4/ref=sr_1_299?s=apparel&ie=UTF8&qid=1552771379&sr=1-299,839.00,https://images-na.ssl-images-amazon.com/images/I/81ktRWW5AAL._UX342_.jpg,298.jpg,men,shirts
Parx Men's Plain Slim Fit Casual Shirt,https://www.amazon.in/Parx-Plain-Casual-XMSS08587-B8_Dark-Blue_42/dp/B07FL3S1S2/ref=sr_1_300?s=apparel&ie=UTF8&qid=1552771379&sr=1-300,699.00,https://images-na.ssl-images-amazon.com/images/I/71ST2QGs65L._UY550_.jpg,299.jpg,men,shirts
Global Rang Men's Cotton Casual Polka Printed Shirt,https://www.amazon.in/Global-Rang-Cotton-Casual-Shirt/dp/B0765YYGDR/ref=sr_1_301?s=apparel&ie=UTF8&qid=1552771379&sr=1-301,799.00,https://images-na.ssl-images-amazon.com/images/I/817p3epyd8L._UY550_.jpg,300.jpg,men,shirts
Pearl Ocean Men's Satin Shirt (Black),https://www.amazon.in/PEARL-OCEAN-Casual-Shirt-AT-1BQ1-6L8V_Black_40/dp/B01MZ6ER2J/ref=sr_1_303?s=apparel&ie=UTF8&qid=1552771379&sr=1-303,555.00,https://images-na.ssl-images-amazon.com/images/I/411TphHih-L._UY445_.jpg,302.jpg,men,shirts
Red Tape Men's Checkered Regular Fit Casual Shirt,https://www.amazon.in/Red-Tape-Checkered-Regular-RFS0014_Blue_M/dp/B07JMR4D34/ref=sr_1_304?s=apparel&ie=UTF8&qid=1552771379&sr=1-304,689.00,https://images-na.ssl-images-amazon.com/images/I/91Jv37K5JpL._UY550_.jpg,303.jpg,men,shirts
Peter England Men's Plain Slim Fit Casual Shirt,https://www.amazon.in/Peter-England-Casual-PCSFCSLBA66082_Aqua-Blue_40/dp/B07F456QK4/ref=sr_1_305?s=apparel&ie=UTF8&qid=1552771379&sr=1-305,690.00,https://images-na.ssl-images-amazon.com/images/I/81wuC7BM8oL._UY550_.jpg,304.jpg,men,shirts
Peter England Men's Solid Slim Fit Polo,https://www.amazon.in/Peter-England-Solid-Shirt-ESF51701379639_MediumblueWithWhite_39/dp/B07CN6R17W/ref=sr_1_307?s=apparel&ie=UTF8&qid=1552771379&sr=1-307,686.00,https://images-na.ssl-images-amazon.com/images/I/91L0SMpNkZL._UY550_.jpg,306.jpg,men,shirts
Amazon Brand - Symbol Men's Formal Shirt,https://www.amazon.in/Amazon-Brand-Printed-Regular-SS18-SMFS-145_Royal_42/dp/B0799BK2XJ/ref=sr_1_308?s=apparel&ie=UTF8&qid=1552771379&sr=1-308,479.00,https://images-na.ssl-images-amazon.com/images/I/91jpJUhkFeL._UX342_.jpg,307.jpg,men,shirts
Amazon Brand - Arthur Harvey Men's Solid Formal Shirt,https://www.amazon.in/Amazon-Brand-Arthur-Regular-AW18-AH-MFS-097_Grey_42/dp/B07GZ275RP/ref=sr_1_309?s=apparel&ie=UTF8&qid=1552771379&sr=1-309,999.00,https://images-na.ssl-images-amazon.com/images/I/81huZrFq6hL._UY550_.jpg,308.jpg,men,shirts
Park Avenue Men's Checkered Slim Fit Formal Shirt,https://www.amazon.in/Park-Avenue-Checkered-Formal-PMSX10869-B5_40_Medium/dp/B07FK3RXSR/ref=sr_1_310?s=apparel&ie=UTF8&qid=1552771379&sr=1-310,759.00,https://images-na.ssl-images-amazon.com/images/I/91-YlsEQFgL._UX342_.jpg,309.jpg,men,shirts
ZAKOD Plain White Casual Shirt 100% Cotton Shirts For Men's,https://www.amazon.in/ZAKOD-Casual-Cotton-Shirts-Medium/dp/B072YK535J/ref=sr_1_311?s=apparel&ie=UTF8&qid=1552771379&sr=1-311,249.00,https://images-na.ssl-images-amazon.com/images/I/61miekYvwuL._UX342_.jpg,310.jpg,men,shirts
Arrow Men's Solid Slim Fit Formal Shirt,https://www.amazon.in/Arrow-Solid-Regular-Formal-ARES0908_Blue_44/dp/B07BG8S64V/ref=sr_1_312?s=apparel&ie=UTF8&qid=1552771379&sr=1-312,999.00,https://images-na.ssl-images-amazon.com/images/I/81zvs3latiL._UY550_.jpg,311.jpg,men,shirts
Charles Dino Men's Cotton Stripe Formal Shirt,https://www.amazon.in/Charles-Dino-Cotton-Stripe-Formal/dp/B076GZ2HZL/ref=sr_1_313?s=apparel&ie=UTF8&qid=1552771379&sr=1-313,"1,899.00",https://images-na.ssl-images-amazon.com/images/I/814u03-POdL._UY445_.jpg,312.jpg,men,shirts
Peter England Men's Printed Slim Fit Casual Shirt,https://www.amazon.in/Peter-England-Printed-Casual-ESF318002760_39_Dark/dp/B077ZF3QWY/ref=sr_1_314?s=apparel&ie=UTF8&qid=1552771379&sr=1-314,735.00,https://images-na.ssl-images-amazon.com/images/I/A1BvLjeeZfL._UY550_.jpg,313.jpg,men,shirts
Arrow Men's Checkered Slim Fit Formal Shirt,https://www.amazon.in/Arrow-Checkered-Formal-Shirt-AFWSH0279_Blue_42/dp/B07F3RVN7W/ref=sr_1_315?s=apparel&ie=UTF8&qid=1552771379&sr=1-315,809.00,https://images-na.ssl-images-amazon.com/images/I/91dIgzlh0pL._UY550_.jpg,314.jpg,men,shirts
Arrow Men's Solid Slim Fit Formal Shirt,https://www.amazon.in/Arrow-Solid-Regular-Formal-ARES0905_Grey_42/dp/B07BG8H6GC/ref=sr_1_316?s=apparel&ie=UTF8&qid=1552771379&sr=1-316,999.00,https://images-na.ssl-images-amazon.com/images/I/81vr7e0IXaL._UX342_.jpg,315.jpg,men,shirts
Peter England Men's Slim fit Formal Shirt,https://www.amazon.in/Peter-England-Checkered-Formal-PESFMSLP977643_Blue_40/dp/B07MN5YDGW/ref=sr_1_317?s=apparel&ie=UTF8&qid=1552771379&sr=1-317,"1,199.00",https://images-na.ssl-images-amazon.com/images/I/81N8EHITjfL._UY550_.jpg,316.jpg,men,shirts
Parx Men's Plain Slim Fit Casual Shirt,https://www.amazon.in/Parx-Plain-Casual-XMSS08580-R4_Medium-Red_42/dp/B07FL6VBQ2/ref=sr_1_318?s=apparel&ie=UTF8&qid=1552771379&sr=1-318,749.00,https://images-na.ssl-images-amazon.com/images/I/71ns4UjS2FL._UY550_.jpg,317.jpg,men,shirts
FLAGS Men's Casual Denim Shirt (Code: 2541) Black,https://www.amazon.in/FLAGS-Casual-Denim-Shirt-Colour/dp/B01NBH8PAR/ref=sr_1_319?s=apparel&ie=UTF8&qid=1552771379&sr=1-319,"1,034.00",https://images-na.ssl-images-amazon.com/images/I/81OI6lboUaL._UX425_.jpg,318.jpg,men,shirts
Arrow Men's Regular Fit Formal Shirt,https://www.amazon.in/Arrow-Quilted-Regular-Formal-AFWSH5245_Pink_40/dp/B07GXKCRTD/ref=sr_1_320?s=apparel&ie=UTF8&qid=1552771379&sr=1-320,899.00,https://images-na.ssl-images-amazon.com/images/I/81Wxzdu%2BUnL._UX342_.jpg,319.jpg,men,shirts
Raymond Men's Plain Slim Fit Formal Shirt,https://www.amazon.in/Raymond-Plain-Formal-RMSZ08249-V6_Dark-Violet_42/dp/B07FDZTH34/ref=sr_1_321?s=apparel&ie=UTF8&qid=1552771379&sr=1-321,"1,049.00",https://images-na.ssl-images-amazon.com/images/I/81kq0Vqg%2BCL._UY550_.jpg,320.jpg,men,shirts
Asian & Fitch Men Casual Slim Fit Denim Full Sleeves Shirt,https://www.amazon.in/Asian-Fitch-Casual-Denim-Sleeves/dp/B07P6LJGLM/ref=sr_1_322?s=apparel&ie=UTF8&qid=1552771379&sr=1-322,499.00,https://images-na.ssl-images-amazon.com/images/I/81LZvzDjOmL._UY445_.jpg,321.jpg,men,shirts
Diverse Men's Printed Slim Fit Formal Shirt Green,https://www.amazon.in/Diverse-Printed-Formal-Shirt-DCMFF06SC10L03-784B_Green_42/dp/B07MMVVK4H/ref=sr_1_323?s=apparel&ie=UTF8&qid=1552771379&sr=1-323,439.00,https://images-na.ssl-images-amazon.com/images/I/91zH2p-LBPL._UX342_.jpg,322.jpg,men,shirts
Amazon Brand - Symbol Men's Casual Shirt,https://www.amazon.in/Amazon-Brand-Regular-AW-SY-MCS-1130_Dark-Grey_Medium/dp/B07CZ2GFGD/ref=sr_1_324?s=apparel&ie=UTF8&qid=1552771379&sr=1-324,404.00,https://images-na.ssl-images-amazon.com/images/I/71uRlir8-eL._UX342_.jpg,323.jpg,men,shirts
Van Heusen Men's Printed Slim fit Formal Shirt,https://www.amazon.in/Van-Heusen-Printed-Formal-VHSFFSLFA12081_Multicolor_40/dp/B07MK56C13/ref=sr_1_325?s=apparel&ie=UTF8&qid=1552771379&sr=1-325,"1,899.00",https://images-na.ssl-images-amazon.com/images/I/91OIxQy08hL._UX342_.jpg,324.jpg,men,shirts
Go Stylish 100% Cotton Printed Kurta Shirt for Men Brown,https://www.amazon.in/Go-Stylish-Cotton-Printed-Kurta/dp/B07MZ5CTTG/ref=sr_1_326?s=apparel&ie=UTF8&qid=1552771379&sr=1-326,649.00,https://images-na.ssl-images-amazon.com/images/I/71ebTpyU5sL._UY445_.jpg,325.jpg,men,shirts
Peter England Men's Slim fit Formal Shirt,https://www.amazon.in/Peter-England-Checkered-PESFMSLPB38751_Light-Pink_40/dp/B07M8Y2BGB/ref=sr_1_327?s=apparel&ie=UTF8&qid=1552771379&sr=1-327,"1,199.00",https://images-na.ssl-images-amazon.com/images/I/91lOwbjPQkL._UY550_.jpg,326.jpg,men,shirts
Red Tape Men's Striped Regular Fit Casual Shirt,https://www.amazon.in/Red-Tape-Striped-Regular-RSF8990-L_Purple_L/dp/B07FQQB5F8/ref=sr_1_328?s=apparel&ie=UTF8&qid=1552771379&sr=1-328,779.00,https://images-na.ssl-images-amazon.com/images/I/71S5TXWXU1L._UX522_.jpg,327.jpg,men,shirts
ACCOX Half Sleeves Formal Regular Fit Cotton Check Shirt for Men,https://www.amazon.in/ACCOX-Sleeves-Formal-Regular-Cotton/dp/B07DY9JV93/ref=sr_1_329?s=apparel&ie=UTF8&qid=1552771379&sr=1-329,699.00,https://images-na.ssl-images-amazon.com/images/I/71cl-EEkvDL._UX385_.jpg,328.jpg,men,shirts
Arrow Newyork Men's Solid Slim Fit Formal Shirt,https://www.amazon.in/Arrow-Newyork-Solid-Formal-ANWSH1136_White_40/dp/B07FHJ6JXF/ref=sr_1_330?s=apparel&ie=UTF8&qid=1552771379&sr=1-330,899.00,https://images-na.ssl-images-amazon.com/images/I/81MvdSmVEAL._UY550_.jpg,329.jpg,men,shirts
Amazon Brand - Inkast Denim Co. Men's Casual Shirt,https://www.amazon.in/Amazon-Brand-Inkast-S-33A_Ice-Blue_Medium/dp/B07GSH83Y6/ref=sr_1_331?s=apparel&ie=UTF8&qid=1552771379&sr=1-331,874.00,https://images-na.ssl-images-amazon.com/images/I/81Gm59tBLVL._UY550_.jpg,330.jpg,men,shirts
Van Heusen Men's Solid Slim Fit Formal Shirt,https://www.amazon.in/Van-Heusen-Solid-Formal-VHSFBSLP058179_Pink_40/dp/B07H717J4W/ref=sr_1_332?s=apparel&ie=UTF8&qid=1552771379&sr=1-332,824.00,https://images-na.ssl-images-amazon.com/images/I/71mdt5B3DVL._UY550_.jpg,331.jpg,men,shirts
blackberrys Men's Solid Slim Fit Formal Shirt,https://www.amazon.in/blackberrys-Solid-Formal-Shirt-MSPM1953N2NS18FL40/dp/B078WB8HD5/ref=sr_1_333?s=apparel&ie=UTF8&qid=1552771379&sr=1-333,697.00,https://images-na.ssl-images-amazon.com/images/I/81ktM4T3VJL._UX342_.jpg,332.jpg,men,shirts
Punekar Cotton Khadi Shirt For Men,https://www.amazon.in/Punekar-Cotton-Khadi-Shirt-Men/dp/B07DXM4Q73/ref=sr_1_334?s=apparel&ie=UTF8&qid=1552771379&sr=1-334,599.00,https://images-na.ssl-images-amazon.com/images/I/71QbYsjjjiL._UY445_.jpg,333.jpg,men,shirts
Raymond Men's Plain Slim Fit Formal Shirt,https://www.amazon.in/Raymond-Plain-Formal-RMSZ08299-V6_Dark-Violet_42/dp/B07GFLQR17/ref=sr_1_335?s=apparel&ie=UTF8&qid=1552771379&sr=1-335,999.00,https://images-na.ssl-images-amazon.com/images/I/81GDoB8YcrL._UY550_.jpg,334.jpg,men,shirts
Spykar Men's Printed Slim Fit Casual Shirt,https://www.amazon.in/Spykar-Printed-Casual-Shirt-MSH-02AH-114_Navy_Medium/dp/B07FTXWP2K/ref=sr_1_336?s=apparel&ie=UTF8&qid=1552771379&sr=1-336,899.00,https://images-na.ssl-images-amazon.com/images/I/81xzsMW2v1L._UX342_.jpg,335.jpg,men,shirts
LAMSTER Men Printed Casual Beige Shirt,https://www.amazon.in/gp/slredirect/picassoRedirect.html/ref=pa_sp_atf_browse_apparel_sr_pg8_1?ie=UTF8&adId=A074733025VJF1998G8T3&url=https%3A%2F%2Fwww.amazon.in%2FLAMSTER-Printed-Casual-Beige-Medium%2Fdp%2FB07KTZD9WK%2Fref%3Dsr_1_337_sspa%3Fs%3Dapparel%26ie%3DUTF8%26qid%3D1552771674%26sr%3D1-337-spons%26psc%3D1&qualifier=1552771673&id=6541153961410553&widgetName=sp_atf_browse,599.00,https://images-na.ssl-images-amazon.com/images/I/81GH7XqswrL._UX385_.jpg,336.jpg,men,shirts
Louis Philippe Men's Classic Fit Geometric Print Formal Shirt,https://www.amazon.in/gp/slredirect/picassoRedirect.html/ref=pa_sp_atf_browse_apparel_sr_pg8_2?ie=UTF8&adId=A05948071PFS3Y241IKQA&url=https%3A%2F%2Fwww.amazon.in%2FLouis-Philippe-Classic-Geometric-LPSF517M0757342_Maroon_42%2Fdp%2FB07D43WVSB%2Fref%3Dsr_1_338_sspa%3Fs%3Dapparel%26ie%3DUTF8%26qid%3D1552771674%26sr%3D1-338-spons%26psc%3D1&qualifier=1552771673&id=6541153961410553&widgetName=sp_atf_browse,"1,769.00",https://images-na.ssl-images-amazon.com/images/I/81jnAp49p0L._UX342_.jpg,337.jpg,men,shirts
"LAMSTER Men Printed Casual White, Black Shirt",https://www.amazon.in/gp/slredirect/picassoRedirect.html/ref=pa_sp_atf_browse_apparel_sr_pg8_3?ie=UTF8&adId=A07469944OM6TG0LDJXW&url=https%3A%2F%2Fwww.amazon.in%2FLAMSTER-Printed-Casual-White-Black%2Fdp%2FB07KTYT66X%2Fref%3Dsr_1_339_sspa%3Fs%3Dapparel%26ie%3DUTF8%26qid%3D1552771674%26sr%3D1-339-spons%26psc%3D1&qualifier=1552771673&id=6541153961410553&widgetName=sp_atf_browse,599.00,https://images-na.ssl-images-amazon.com/images/I/81-GsubEhrL._UX385_.jpg,338.jpg,men,shirts
Diverse Men's Printed Regular fit Casual Shirt,https://www.amazon.in/Diverse-Printed-Regular-Casual-DCMCF11RC10L03-294A_Olive_X-Large/dp/B07LGCBTN4/ref=sr_1_340?s=apparel&ie=UTF8&qid=1552771674&sr=1-340,439.00,https://images-na.ssl-images-amazon.com/images/I/919eZkyrhqL._UX342_.jpg,339.jpg,men,shirts
Raymond Men's Formal Shirt,https://www.amazon.in/Raymond-Mens-Formal-Shirt-8907249546431_RMSX04756-G4_40_Medium/dp/B01CECCMD4/ref=sr_1_341?s=apparel&ie=UTF8&qid=1552771674&sr=1-341,999.00,https://images-na.ssl-images-amazon.com/images/I/816vK3VTsCL._UX342_.jpg,340.jpg,men,shirts
Arihant Men's Cotton Regular Fit Formal Shirt,https://www.amazon.in/Arihant-Formal-Shirt-AR76350340-Light/dp/B07BFX6JPV/ref=sr_1_342?s=apparel&ie=UTF8&qid=1552771674&sr=1-342,699.00,https://images-na.ssl-images-amazon.com/images/I/91wNQcuWdTL._UY550_.jpg,341.jpg,men,shirts
Peter England Men's Solid Slim Fit Formal Shirt,https://www.amazon.in/Peter-England-Solid-Formal-PSF517014189_DarkblueWithRed_38/dp/B07C61J7PS/ref=sr_1_343?s=apparel&ie=UTF8&qid=1552771674&sr=1-343,599.00,https://images-na.ssl-images-amazon.com/images/I/81pH%2BYGyxeL._UX342_.jpg,342.jpg,men,shirts
Zotory Mens Casual Full Sleeve Cotton Checkered Shirts Red&Black Color (126),https://www.amazon.in/Zotory-Casual-Sleeve-Cotton-Checkered/dp/B07BLTC6JC/ref=sr_1_344?s=apparel&ie=UTF8&qid=1552771674&sr=1-344,599.00,https://images-na.ssl-images-amazon.com/images/I/51sDRs9ytfL._UY445_.jpg,343.jpg,men,shirts
Parx Men's Plain Slim Fit Casual Shirt,https://www.amazon.in/Parx-Plain-Casual-XMSS08587-B4_Medium-Blue_42/dp/B07FLB981D/ref=sr_1_345?s=apparel&ie=UTF8&qid=1552771674&sr=1-345,699.00,https://images-na.ssl-images-amazon.com/images/I/81Nlx9WE93L._UX342_.jpg,344.jpg,men,shirts
Arihant Men's 100% Cotton Printed Full Sleeves Regular Fit Formal Shirt for Men,https://www.amazon.in/Arihant-Printed-Sleeves-Regular-AR789603_Brown_42/dp/B07MQJNR4S/ref=sr_1_346?s=apparel&ie=UTF8&qid=1552771674&sr=1-346,699.00,https://images-na.ssl-images-amazon.com/images/I/81TsA-7LWUL._UY445_.jpg,345.jpg,men,shirts
Park Avenue Men's Plain Slim Fit Formal Shirt,https://www.amazon.in/Park-Avenue-Formal-PMSX11334-V4_39_Medium-Violet/dp/B07CNM9L12/ref=sr_1_347?s=apparel&ie=UTF8&qid=1552771674&sr=1-347,749.00,https://images-na.ssl-images-amazon.com/images/I/81GvFN7roqL._UX342_.jpg,346.jpg,men,shirts
Ben Martin Men's Regular Fit Denim Shirt,https://www.amazon.in/Ben-Martin-Regular-Denim-BMW-DNSHT-MENDB-38/dp/B074L4X8RQ/ref=sr_1_348?s=apparel&ie=UTF8&qid=1552771674&sr=1-348,698.00,https://images-na.ssl-images-amazon.com/images/I/91QQEajnE9L._UY550_.jpg,347.jpg,men,shirts
Levi's Men's Checkered Slim Fit Casual Shirt,https://www.amazon.in/Levis-Checkered-Casual-Shirt-21983-0135_Red_M/dp/B07DPKF9QL/ref=sr_1_349?s=apparel&ie=UTF8&qid=1552771674&sr=1-349,"1,399.00",https://images-na.ssl-images-amazon.com/images/I/81o3Kt6J4HL._UX342_.jpg,348.jpg,men,shirts
Dennis Lingo Men's Cotton White Solid Casual Shirt,https://www.amazon.in/Dennis-Lingo-Solid-Casual-C301_White_M_White_M/dp/B0727P7FS7/ref=sr_1_350?s=apparel&ie=UTF8&qid=1552771674&sr=1-350,549.00,https://images-na.ssl-images-amazon.com/images/I/617YhcTJ7KL._UX385_.jpg,349.jpg,men,shirts
Amazon Brand - Symbol Men's Formal Shirt,https://www.amazon.in/Amazon-Brand-Regular-AW-SY-MFS-1126_White-White_39/dp/B07CYVRGTR/ref=sr_1_351?s=apparel&ie=UTF8&qid=1552771674&sr=1-351,799.00,https://images-na.ssl-images-amazon.com/images/I/81fYjKGBQnL._UX385_.jpg,350.jpg,men,shirts
Diverse Men's Formal Shirt,https://www.amazon.in/Diverse-Solid-Regular-Formal-DVF05F2L01-36_42_Light/dp/B074CB1CLR/ref=sr_1_352?s=apparel&ie=UTF8&qid=1552771674&sr=1-352,404.00,https://images-na.ssl-images-amazon.com/images/I/719uikT%2B5lL._UX342_.jpg,351.jpg,men,shirts
Amazon Brand - Symbol Men's Formal Shirt,https://www.amazon.in/Amazon-Brand-Regular-AW-SY-MFS-1125_Sky-Blue_40/dp/B07CZ1ZBFS/ref=sr_1_353?s=apparel&ie=UTF8&qid=1552771674&sr=1-353,799.00,https://images-na.ssl-images-amazon.com/images/I/91xLdX-BOvL._UX342_.jpg,352.jpg,men,shirts
Raymond Men's Plain Slim Fit Formal Shirt,https://www.amazon.in/Raymond-Plain-Formal-Shirt-RMSZ08437-K4_Black_39/dp/B07JG1RKCJ/ref=sr_1_357/262-8641192-6114112?s=apparel&ie=UTF8&qid=1552793362&sr=1-357,"1,049.00",https://images-na.ssl-images-amazon.com/images/I/8136ngbl9LL._UY550_.jpg,356.jpg,men,shirts
Wrangler Men's Solid Slim Fit Casual Shirt,https://www.amazon.in/Wrangler-Solid-Casual-Shirt-W28217104241_Indigo_L/dp/B078XY2L75,647.00,https://images-na.ssl-images-amazon.com/images/I/918hphmYgRL._UX342_.jpg,357.jpg,men,shirts
